id,header_review,ulasan,label
0,Mantap Barang Sesuai Pesanan,mantap barang sesuai pesanan,1
1,Mantaps.....,Mantaps.....,1
2,Barang Sesuai,Terima kasih buka lapaklapak barang sesuai dengan keinginan dan memuaskan,1
3,Barang Asli,Barang asli,1
4,Mmc  32 Gb. Samsung,Packing  rapih  barang sesuai  pesanan  dan cepat  sampai,1
5,"Bagus Namun Akan Lebih Baik Apabila Lebih Bgus Lg",bagus,1
6,Sesuai Pesanan Mantap,"Keren bgt sepatu nya... Nyaman dikaki, ringan pokok nya muantap..",1
7,Healthy,"Nyoba dulu, mudah mudahan ampuh...",1
8,Bagus,lagi di coba nich mudah2an bagus dan awet,1
9,Kecil Bangt G Muat Sama Sekali,kecil g muat d pakek dan g bisa melar,0
10,Gamis Maxi,"Barang sesuai gambar tp bahan agak kasar,  tp lumayan lah dengan harga segitu.",1
11,Yah Lumayan Lah,yah lumayan lah..,1
12,"Packing Rapi , Recommended Seller",Barang bagus dan sesuai pesanan,1
13,Sudah Diterima,sudah diterima,1
14,Murah Banget Dan Sesuai Orderan,Murah banget dan sesuai orderan,1
15,Lumaya Bagus,Tapi tdk cocok bagi saya terpaksa buat anak saya,1
16,Brng Dah Smpe Tpi Ga Bsa Dpke,"Brngnya ga bsa dpke, dicas ga penuh""",0
17,Kereen,"Ukuran pas, harga murah, kualitas oke",1
18,Sendal,"2 kali beli di sni alhamdulilkah memuaskan, thank ya kak",1
19,Bagus,saya suka,1
20,Barang Sesuai Pesanan,"Tks gan barang sesuai pesanan, cepat sampai, admin toko fast respon.. mantep pokoknya. Sukses gan",1
21,Bagus,Bagus. .,1
22,Bango,Flash sale.. murah.. murah.. murah...,1
23,Nursalam Membelinya...Tak Sesuai,Nursalam membelinya...tak sesuai,0
24,Best,Jos Jos Jos Jos Jos Jos Jos Jos Jos Jos Jos Jos Jos Jos Jos,1
25,Gamis Katun,Gamis katun jepangnya bagus.... Pas buat hari2an dpakai... Tapi d histori penjual bilang,1
26,Bagus Sesuai,bagus sesuai,1
27,Sudah Di Coba Ok,Saat pertama di coba tidak mau konek tapi sekarang sudah tampil dilayar Mudah mudahan awet,1
28,Bagus Ka..Thanks....,bagus ka..thanks....,1
29,Keren,Suka keren bagus tapi lebih bagus kalo bisa bayar di tempat,1
30,Nice,Barang sudah sampai dgn selamat. thanks bl,1
31,Kecewa...,"Gamis&apos;y tdk sesuai foto jauh beda ky antara langit&bumi,jd kapok dech!!!",0
32,Barang,Barangnya bagus..aman..pengiriman cepat .mantap daah....,1
33,Sueeeeee,"barang sobek main kirim aja,payah lapak ni nyari rizki tp kain lap di kirim",0
34,Harga Ok..,Kualitas barang yg dijual OK..recomended seller,1
35,Respon Chat Kurang Baik,Tolong Respon Chatnya lebih Dipercepat,1
36,Hdmi To Av Rca,"order kedua bagus gan alatnya berfungsi dengan baik, respon dan pengirimannya juga cepat, pokoknya rekomended banget deh, terima kasih ya gan..",1
37,Packing Nya Maksimal,Barang sampai dengan sempurna tanpa kerusakan sedikitpun,1
38,Bahan Bagus,"bahan bagus, warna pinknya cerah. sangat cocok untuk perempuan. nice quality",1
39,Ukuran,"untuk ukuran 45/46 seperti ukuran 44. ngepas dan tidak ada ruang sisa di kaki. jika yang diinginkan ukuran 45, maka pesanan harus di no 47/48. IMO.",1
40,Kondisi Barang,Barang sesuai foto. Tidak mengcewakn. Pengriman tepat waktu. Okey semua,1
41,Ok Ok Ok Sip Ok Mantap Jiwa,Ok ok ok ok sip sip ok mantap jiwa,1
42,Sesuai Gambar. Bahan Mantap.,Sesuai gambar. Bahan mantap.,1
43,Bagussssssssss,bagussssssssss,1
44,Barang Nya Mantapp..Bos Sesuai D Pesan Ok Tks Bos...,Barang nya bagus..respone chat cepat..barang cepat sampai ok tks,1
45,"Berfungsi Dengan Baik ,Sangat Bagus...","berfungsi dengan baik ,sangat bagus...",1
46,Barang Sesuai Dengan Gambar Dan Kualitas Oke,Barang sesuai dengan gambar dan kualitas oke....  respon cepat... ,1
47,Size 40nya Kecil,Size 40nya kecil biasa nya sya pake 40 pas ini ke kecillan,1
48,"Packaging Rapih, Respon Cepat :)","packaging rapih, respon cepat :)",1
49,Bagus Hanya Saja Disamping Ga Ada Kantongnya,Bagus hanya saja disamping ga ada kantongnya,1
50,Tour Raja Ampat | Www.Rajaampat.Fun,Tour Raja Ampat | www.rajaampat.fun,1
51,Packing Rapih,pengiriman barang cepat semoga bisa di pertahankan,1
52,Warna Navy Tidak Sesuai,"Beli dua, Yang navvy bahannya bukan bahan chino biasanya, malah kayak bahan training, tebal dan mengkilap, agak kecewa.",1
53,Halus,halus,1
54,Barang Sudah Dicobaa Bisaaa Mantabbb,barang sudah dicobaa bisaaa mantabbb,1
55,Terima Kasih Barang Sdh Sampai,Sesuai pesanan dg respon baik. Terima kasih,1
56,On Terus,Sudah dikutak-katikdikutak-katik sendiri akhirnya bisa juga...thanks...,1
57,Penipuan,penipuan.ini  barang ga bisa dipake.komplain dicueki pas mau beli direspon trus. anjing fuck you,0
58,"Lumayan Namun Akan Lebih Baik Apabila Harga Lbh Murah",Lumayan ,1
59,Sangat Puas,sangat puas,1
60,Ulasan Harus Diisi,ulasan harus diisi,1
61,Card,Saya sangat puas sesuai dengan pesanan.,1
62,Lumayan,"Barang lumayan buat latihan, mantab",1
63,Lumayan Sesuai Harganya,Lumayan sesuai harganya standard,1
64,Barang Sesuai Dengan Harga,barang sesuai dengan harga ,1
65,Barang Bagus,barang bagus..kualitas sesuai harga,1
66,Respon Cepat,"Barang sesuai pesanan, packing rapih, pengiriman cuma ke tunda libur lebaran aja. Makasih gan barangnya bagus nyaman di pakai",1
67,Respon Cepat,Pelayanan Di Toko Ini Sangat Cepat.. Respon Penjual Nya Juga Sangat Baik.. Tingkatkan Lagi Pelayanan Nya Ya.. Semoga Tambah Sukses Usaha Nya.. Terima Kasih..!!!,1
68,Lumayan Sesuai Harga Nya..Trims,lumayan sesuai harga nya..trims,1
69,Minta Putih Dikasih Biru,minta putih dikasih biru,0
70,Bagus,Cm sayang minta size M dikirm L alhasik kegedean,1
71,Barang Sudah Diterima. Terimakasih,barang sudah diterima. terimakasih,1
72,Wowwwwwwwwwwwwwwwwwwwwwwwwww,Wowwwwwwwwwwwwwwwwwwwwwwwwwwwwwww,1
73,Barang Ok,packing ok  ,1
74,Barang Rusak Tidak Bisa Dipakai Nelpon & Sms,barang rusak tidak bisa dipakai nelpon & sms,0
75,Kualitas Bagus,kualitas bagus,1
76,Murah..Kwalitas Mantap,murah..kwalitas mantap,1
77,Baik,"Seneng udh sampe, packing baik kirain handbody yg gede ternyata kecil tp puas lah harga flashdeal",1
78,Terimakasih,Suka sekali .. Barang nya sesuai,1
79,Barang Bagus Sesuai Pesanan,barang bagus sesuai pesanan,1
80,Glory Cell Kudus Wa 089686092534,GLORY CELL KUDUS WA 089686092534,1
81,Cpt Sampe,Madah2an cocok ke kulit kuh...barang baru saja.nyampe aq.dah pesen LG...,1
82,"Trimakasih, Semoga Obatnya Dapat Membantu","trimakasih, semoga obatnya dapat membantu",1
83,Barang Dengan Kode Pemesanan151129084199 Uda Di Terima ,barang dengan kode pemesanan151129084199 uda di terima .... thanks ya,1
84,Fungsional Tapi Murah,Sesuai dengan deskripsi. Berfungsi dng baik namun harga sangat terjangkau. Cuma seller agak lambat mengirim barang ke ekspedisi,1
85,Baju Dipake Gak Nyaman,"Mohon tingkatkan kualitas,  gak real pict",0
86,Biasa Aja,Ga mirip sama gambar. Kw 10 mungkin. Tp sesuai harga,1
87,Barang Asli. Mantap,barang asli. mantap ,1
88,Barang Bagus Sesuai Gambar Dan Pengiriman Edyan Cepet,"Barang bagus sesuai gambar dan pengiriman edyan cepet,, satu yg kurang no yg bisa di hubungi biar bisa berlangaanan ",1
89,Dvd Rusak,Pas saya play untuk pertama kali gak ada masalah. Tapi pas kedua kalinya malah gak bisa sama sekali. Kecewa saya,0
90,Bagus,"Bahan lumayan bagus,tapi bagian paha ketat banget gan",1
91,Barang Sudah Sampai,Barang sesuai dengan pesanan dan pelayanannya memuaskan,1
92,Puas,Pungsi dgn semesti nya tx bukalapak,1
93,"Ok

Namun Akan Lebih Baik Apabila Semakin Baik",ok,1
94,"Sesuai Yang Di Minta, Cpt Datang N Packing R8api","Sesuai yang di minta, cpt datang n packing rapi",1
95,Kerreennn,Barang bagus semoga awetttttttttt,1
96,Tertypu,Dikirimnya sachet. Fs Terkampret,0
97,Pas,pas,1
98,Barang Rusak Tidak Ada Respon,"Barus sampe saya buka kabelnya udah putus. Udah komplain saya tunggu 24 jam gak ada respon. Tipe penjual yang lepas tanggung jawab, cuma tau untung.",0
99,Bagus,sesuai harga,1
100,Barang Sesuai Apa Yg Diinginkan Trima Kasih,Pengiriman cepat barang sesuai yg diinginkan,1
101,Gak Sesuai Deskripsi,"Apa yg ditulis bahwa ini grade ori dgn detail nya , ternyata ga sesuai ... Terimakasih ,,",0
102,Terimakasih,"Terimakasih, barang sesuai pesanan",1
103,"Barang Asli,Sukses Gan","barang asli,sukses gan",1
104,Barang Sudah Sampai,Barang sudah sampai...................,1
105,Suka,Lumayan...bagus kok... Cepet sampai,1
106,Sesuai Pesanan,Harga murah kualitas jempolan walau telat sampai tapi gak apa apa lah...kebelet soalnya,1
107,Rekom Nihh!!!,On time banget...kalenji sesuai dengan gambar,1
108,Bagus,"Tidak seindah di foto,tapi sama kok bentuknya,fungsionalitasnya juga sama.",1
109,Thkssssssssssssssssssss,thkssssssssssssssssssss,1
110,Biasa Aja,Biasa saja karena sudah respon toko mereka diminta informasi,1
111,Worth,Harga murah ukuran pas - worth for the money lah,1
112,Sip,Sandalnya pas dan dia sngat suka ktanya,1
113,Joss,"Sesuai pesanan , recomended ",1
114,Barang Nya Oke Banget,barang nya oke banget,1
115,Ok,ok,1
116,Bahan Nya Enak Di Pakai,Huwaa baguss bangt Bahan nya g Nyesell Beli Di sini,1
117,Bagus,Siip ...warna dan bahan bagus...saya suka,1
118,"Makasih Banyak Bos,Biarkan Bintang Yg Berbicara.","makasih banyak bos,biarkan bintang yg berbicara.",1
119,Kertas Thermal Ok,Kertas thermal dah dipakai dan hasil cetak bagus. Penjual proses kirim brg cepat. Thx,1
120,Wifi Tidak Berfungsi Hanya Bisa Pake Kabel Lan,"Bonus sc card juga tidak di pakai, hasil rekaman kosong",0
121,"Oke, Sampai Dengan Aman.","Bagus, tapi diameter per bijinya kecil"".. Its oke",1
122,"Casan Leptop Beda, Saya Minta Di Kirim Yang Sesuai,",Barang tidak sesuai depskripsi,0
123,Bagus,Sesuai dengan pesanan ... ... ...,1
124,Worth With Price,Celana nya sesuai deskripsi baik bahan maupun kualitasnya,1
125,Ok,barang bagus ok smuany .. cuman ctatan pembeli untuk warna gk d respon .. barangny sih ok bgt,1
126,Ada Bercak Noda,Untuk kedepannya harus diperhatikan barang sebelum dikirim.,1
127,Warna Tdk Sesuai Pesanan.Spiker Rusak 1 Bh,Sy pesan warna hitam 2 .gold 1.pink 1. Trus 1 bh spikernya rusak,0
128,Isi Ya Foto Copyan,isi ya foto copyan... kurang jelas!!,0
129,"Respon Lama Sekali ,Kecewa","Respon lama sekali ,kecewa sdh bayar dua hari chat tdk ada balasan sama sekali",0
130,Respon Cepat Brg Sesui Hrg,respon cepat brg sesui hrg,1
131,Topppo,Walau ga sengaja beli ya lumayan lah buat gaya2an,1
132,Anak Senang,anak senang,1
133,"Bagus, Sesuai Harga","Bagus, sesuai harga ",1
134,Sesuai,Barang sesuai pesanan dan sesuai dengan gambar,1
135,Barang Sesuai Mantapp,Recommended sesuai pesanan mantappp,1
136,Kren Jakeg Nya,kren jakeg nya,1
137,Sippo,sippo,1
138,Barang Tidak Sesuai Permintaan,"Barang tidak sesuai pesanan, respon chat yang lama, ketika sudah transfer respon chat lama bahkan hanya dibaca tidak dibalas, lalu ketika barang saya terima ternyata tidak sesuai pesanan",0
139,Recomended Best Seller,Barang top markotop sesuai deskripsi.. semoga usaha nya di lancarkan banyak orderan nya,1
140,Bagus,Bagus dan reapon cepat....terima kasih banyak.......,1
141,Bagus Murah Tpi Bagus,"Saya suka dengan barang nya makasih gan tapi bloetooth nya putus""",1
142,Dpet Harga Flashsale,Lumayan buat tidur...dapet harga fs pula 10k...,1
143,Mantap Pokok E,mantap pokok e,1
144,Kerenn!!,Makasih kak sudah sampai barangnya terimakasih,1
145,Kipas Otg,Kencang thx gan..........................,1
146,Lumayan Lah,Lumayan lah.. hehehe...tp kurang suka.. coba kalo diusahakan dibikin lebih mirip lagi dengan yang dipakai model :) ,1
147,Biasa Aja,Barangnya tdk sesuai pesanan warna tdk sesuai gambar,1
148,Keren,Sepatu slip on oke keren murah meriah barang bagus gak murahan,1
149,Sendal Sepatu Weges,Bahan dan gambar sesuai sm aslinya..mksh ya gan,1
150,Barang Lumayan Bagus Dengan Harga Yang Relative Murah.....,Barang lumayan bagus dengan harga yang relative murah.....,1
151,Cepat,"Cepat sampai, bahannya sesuai harga flashdeal 10.000",1
152,"Bagus, Sesuai Foto","Bagus, sesuai foto",1
153,"Maaf Baru Konfirmasi, Baru Pulang Kerja.","Barang mantap bos, seller ok rekomended pokonamah",1
154,Barang Sudah Sampai Sesuai Pesanan,Mantap barang sesuai harapan kami sekeluarga,1
155,Dompet Gantungan Koin Boneka,Bagus banget...-- suka..makasih...,1
156,Barang  Dah Sampai Dan Bgs..Mksih,barang  dah sampai dan bgs..mksih,1
157,"Cocok Namun Akan Lebih Baik Apabila Bonus Ditambah",cocok,1
158,Celana Go Intermilan,Bahan lumayan tapi salah kirim ukuran,1
159,Keren,Respon cepat dan packing bagus,1
160,Keren,"Pesanan sesuai, keren, mantap keren sepatunya",1
161,Produk Bagus,Kualitas LCD nya bagus seperti aslinya. warna jenih dan terang padahal dipasang sendiri. Recommended Seller ....,1
162,Kondisi Barang Baik Tanpa Cacat,Semua sukaaaaaa ................,1
163,Sangat Kecewa,1.penjual tdk jawab chat,0
164,Makasih Kak Barang Udh Diterima,makasih kak barang udh diterima,1
165,Bahannya Agak Tipis Tapi Sesuailan Dengan Harga,Bahannya agak tipis tapi sesuailan dengan harga,1
166,Top,Cuma agak lama aja nunggu ya barang y ok,1
167,Sip,"Ok punya dah, recommended seller lah...........................",1
168,Puas,"Alhmdullh saya punya pendapatan tambahan di bukalapak, tolong dong harga nya d turunin semua produk",1
169,Dapat Harga Flash Sale,dapat harga flash sale 1rb gratis ongkir.,1
170,Bagus Bgt,Produk sangat baik,1
171,Barang Sesuai Pesanan,Saya suka packing bagus barang sesuai pesanan,1
172,Oke,Barang sudah sampai thanks seller,1
173,Sesuai Pesanan,"Kasih bintang 3 dulu karna belum coba lama, Semoga awet yah",1
174,Biasa Saja,praktis,1
175,Tas,Barang sudah di terima tapi Respon pesanan kurang cepat,0
176,Ok,"Oke oke okeokeokeokeokeoke,......................,....,....",1
177,Cukup Baik,Pesennya warna pink/kuning/navy tapi malah yg nyampe ungu dan sptnya ukurannya agak kecil. Tapi barang cepet nyampe,1
178,Bagusss,Sesuai pesenan bagus semoga sukses,1
179,Six Pack Care,"walaupun barangnya masih terpisah tenyata penyusunannya sangat mudah, barang bagus tanpa cacat, semoga perut buncit saya segera hilang, mantappp",1
180,Lumayan Laah..,Sesuai sama hrga laah..,1
181,"Barang Komplit Sesuai Deskripsi, Tapi Belum Saya Play..","Barang komplit sesuai deskripsi, tapi belum saya play..",1
182,Mantap,"Pembelian ke 3, joss mantappppppppppppppppp",1
183,Harga Murah Tapi Barang G Mengecewakan,"harga murah tapi barang g mengecewakan,,hanya saja pengiriman agak lama",1
184,"Enak Dipakai, Adem, Sesuai Gambar","Recommanded saller, biarlah Bintang yg Bicara",1
185,Good,Barang rapih luar dalam mantapppp,1
186,Agak Telat Pengirimanya,Agak telat pengirimanya tapi gapapa,1
187,Bagus,isi nya A smua mohon lain kali di cek dl sblum di packing mo return mals,1
188,Kecewa,"Tidak sesuai dengan pesanan, memesan dengan warna apa d kirimnya apa.",0
189,Barang Sudah Sampai Dengan Selamat Dan Cepat,Barang sudah sampai dengan selamat dan cepat...sesuai juga barangnya dng yg ada di foto. Thx Pusat Fashion Slimfit thx Bukalapak....,1
190,Lama Sampai,lama sampai,1
191,Puas,Sesuai gambar,1
192,Cukup Memuaskan,"Barangnya lumayan bagus,sesuai dengan harga segitu...",1
193,Bagus,"Sesuai sama Harga, semoga awet",1
194,Langsung Coba Langsung Yess,Langsung di coba buat karaoke anak suka.  Sipp...,1
195,Ok Oce Sip,Terimakasih untuk barangnya sudah sampai,1
196,Komplain,"Sepatu ga seauai gambar, sepatu yg dipesen kebesaran",0
197,Flash Sale10rb,"Dapet 10rb, ongkir 9rb, wkwkw keren laah..BL ditunggu lagi flash sale 10rb nya",1
198,Vggggggghhhhh,vggggggghhhhh,1
199,Bagus,Siiiiiiiiiiiiiiiiiiipppppppppppppppp,1
200,"Bagus Namun Akan Lebih Baik Apabila Mantab",bagus,1
201,Mntapp Kerennn,barang sesuai pesenan baguss okeee eeeee,1
202,Thank U Walau Keliru,Terima kasih barang sudah diterima,1
203,Tidak Seperti Yg Diharapkan,Diluar ekspektasi saya.. barang kurang memuaskan..,1
204,Bagus,"Tepat waktu,sesuai dengan pesanan,paking rapih",1
205,Baik,Barang sesuai pesanan tpi lama sampai,1
206,Barang Sesuai Pesanan,Packing baik dan saya dapat warna hijau.. Terimakasih,1
207,Rekomendasi,rekomendasi,1
208,Barang Sesuai,baguss barang nya sesuai pesanan,1
209,Barang Sampai Cepat & Rapi....,Barang sampai cepat & Rapi....,1
210,Barang Bagus,"Suka dgn boxer nyny, size L ny agak kecil, tp msh bsa d pke",1
211,Oke,Yang paket warna salem orang gendut,1
212,Mantap Sesuai Gambar Gan....,Bahannya enak. Di pakai gannnnnnnnnnnnnnnnnnn,1
213,"Sukses Namun Akan Lebih Baik Apabila Tepat Waktu Pngriman",sukses,1
214,Mbak,"Mbak, barangnya udah nyampe ya..  Packing nya bgs, kondisi barang aman.. Makasih ya...  ",1
215,Jeans Mantap,"Untuk Jeansnya sendiri mantap, pas dikaki jadi ga perlu dipotong. Untuk model tapi kantong belakangnya terlalu panjang. Dan beberapa jeans yang saya punya, cuma satu kantong aja baiknya. Modelnya jadi lebih simple",1
216,Top,Barang sesuai dan packing bagus. Waktu pengiriman juga relatif singkat. Recomended,1
217,Bagus. Berfungsi Dengan Baik.,bagus. berfungsi dengan baik. ,1
218,"Kualitas Kurang Baik,",Screen guard dipasang tidak dapat terpasang merekat secara sempurna terdapat buble air padahal sudah dipasang secara benar,0
219,Lumayan Bagus,"Lumayan bagus, pelapak bagus , jasa pengirimannya yg jelek J & t sampe saya jemput sendiri saking lamanya, alesannya pengirim areanya gak ada.....salah pilih jasa pengiriman intinya.",1
220,"Bhn Bgs,  Murah Meriah, Tks","Bhn bgs,  murah meriah, tks",1
221,Bagus,"Bagus ,saya suka mana dpt flash deal ,Alhamdulillah",1
222,Lama Sampai,Lama sampai........................,1
223,Sudah Di Tes,sudah di tes..semua aman lancar..powervu autoroll ga pake lama..sipp.,1
224,Barang Bagus,Barang bagus sesuai pesanan dan ori,1
225,Ok,Good cuma ada yg sobek dikit gan,1
226,"Keren,..Makasi","keren,..makasi",1
227,Mntap Bagus Maknyos,Mntap bagus maknyos,1
228,Barang Bagus Untuk Kesehatan,"Barang bagus untuk kesehatan, sesuai pesanan, pelapak jujur, recoment seller",1
229,Lumayannn Oke,lumayannn oke,1
230,Terima Kasih,Barang sudah sampai sesuai pesanan,1
231,Alhamdulillah Sesuai Pesanana,alhamdulillah sesuai pesanana,1
232,Arang Cepat Sampai,Barang cepat sampai dan sesuai dg pesanan,1
233,Kualitasnya Mantapps,"kualitasnya mantapps,sesuai sama pesanan saya fungsi nya nyaman di pakai tapi sayang barang sampai nya lama ",1
234,Barang Yang Layak Untuk Dibeli,dengan mic ini kualitas audi jadi lebih bagus. terima kasih,1
235,Kurang Elastis,kurang elastis. mending yg bahan spandex,1
236,Keren Seperti Kacamata Pada Umumnya,"keren seperti kacamata pada umumnya, waktu saya pake org2 malah kira saya Afgan... piss :) pokoknya keren",1
237,Bagus Cuma Coilnya Ga Ada,bagus cuma coilnya ga ada,1
238,Bagus,Bagus bagus,1
239,Barang Sesuai Pesanan,Barang pas di buka ternyata ada yang copot,1
240,Menarik,menarik,1
241,Bahannya Bagus,Tapi celana sama bajunya ngatung mungkin harus ukuran di badan saya XXL hihi,1
242,Barang Sesuai Gambar,barang sesuai gambar,1
243,Puas,Sesuai orderrrrrrrrrrrrrrrrrrrrrrrrrrran bagussssssdddd,1
244,Feedback Untuk Pembelian Wakai Women Kachiiro Blue,Bagusss. Next mau order lg deh. Thanks yah.,1
245,Baguss,Barang sesuai harga. Cepet sampai,1
246,Testimoni,Kualitas gambar baik dan cukup membantu dalam melakukan tugas tersembunyi.,1
247,Kualitas Bad,"kualitas bad, gasesuai deskripsi. cuman packingnya yang bagus",0
248,Mantap,Mantap ,1
249,Mksh Ka Ordr Ke 2x Nyaaa Cus Aq Lagi2 Puasss,mksh ka ordr ke 2x nyaaa cus aq lagi2 puasss,1
250,Pesanan Sampai,"Barang sesuai pesanan, Packing rapi",1
251,Jaket Parka Wanita,lebih bagus aslinya daripada gambarnya.. okey seplah,1
252,Raket Yonex Senar Dewasa Murah,"Barang bagus,pengiriman tepat waktu, semoga awet",1
253,Recoment Seller,Bahan bagus tebal harga lumayan miring,1
254,"L Nya Kayak Kurang Panjang, Tp Masih Ok","L nya kayak kurang panjang, tp masih ok",1
255,Tombol Ada Yang G Fungsi Dan Tidak Koneksi Dengan Bluetooth,Tombol tidak berfungsi dan tidak konek dengan bluetooth,0
256,Biasa Aja...,biasa aja...,1
257,Oke,Barang original dan brfungsibrfungsi... Hnya kurirny yg lama,1
258,Bagus,"Kualitas okok, dan sesuai dengan pesanan yg saya mau",1
259,Berfungsi,berfungsi ,1
260,"Ok Namun Akan Lebih Baik Apabila Cepat",ok,0
261,Lumayan Baguslah Utk Harga Segitu ,Lumayan baguslah utk harga segitu ..tp LBH bagus LG klo diksh tahu itu bahan nya apa,1
262,Warna Gx Sesuai Pesanan,"warna gx sesuai pesanan,, pdahal w psen warna yg kata seler ready",0
263,Kaos,"Klo bintang bisa ngomong, biar bintang yg berbicara",1
264,Bahan Tipis Tidak Sesuai Pict.,Bahannya tipis bgt beda sama di gmbr. akan lebih baik bila di tingkatkan lagi produknya.,0
265,Bagus,Bahan baju nya Lumayan.. Saya suka.. Bagus Deh,1
266,Sudah Oke,sesuai pesanan ~ sipsipsipsipsipsipsipsipsipsipsipsip,1
267,Sesuai Pesanan,barang sesuai pesanan.. ntar langsung test buat cuci muka.. :),1
268,Sarung Lengan Tangan,"Packing baik, respont cepat....",1
269,Mantap,Sesuai gambar sesuai pesanan peroses cepat.,1
270,Recommended Seller,Packing rapi dan cepat sampai. Barang sesuai pesanan,1
271,Alhmdllah Pesanan Sdh Sampai,Alhmdllah pesanan sdh sampai.. Mudah2an kualitasnya memuaskan,1
272,Sesuai Kok,sesuai kok,1
273,Barang Oke,"Barang oke, terbangnya oke juga cuma udah saya kasih note warna merah atau biru malah dikirimnya warna kuning",1
274,Barang Dah Nyampe Mb...Mksh,barang dah nyampe mb...mksh,1
275,"Saya Suka Namun Akan Lebih Baik Apabila Tdak Ada",saya suka,1
276,Sesuai Gambar,Sesuai Gambar,1
277,Bagus,"Kecil kecil cabe rawit, packing baik, seller lgsung proses",1
278,Size,"Kekecilaaan, mungkin yg bb nya 55-60an ga agak ngetat dan pendek",1
279,Jelek,Biar bintang yg menilai ,0
280,Kualitas Bagus,"kualitas bagus, tebal, pengiriman cepat, ukuran sesuai .. saya rekomendasikan untuk anak-anak pendaki. (karena bahannya tebal cukup lumayan untuk mwmbantu menahan dingin standar guntur, papandayan)",1
281,Top,"Sampai dengan aman, paking sip...",1
282,Gituqwetybs,gituqwetybs,1
283,Mantap,"Selalu aktif jadi kalau mau tanya tanya selalu di respon, barang juga sesuai pesenan, mantep pokoknya dah",1
284,"Yy Namun Akan Lebih Baik Apabila Ooo",yy,1
285,Barang Dan Packing Rapi,barang dan packing rapi,1
286,Sesuai Yg Diminta,"kirim cepat, repon cepat mantaaaaap",1
287,"Barang Belum Saya Coba Namun Akan Lebih Baik Apabila  ....",barang belum saya coba,1
288,Barang Sesuai Dan Packing Bagus,"barang sesuai dan packing bagus, sayang krn klamaan transit barang pas nyampe daunnya banyak rontok. semoga bisa hidup subur",1
289,"Mantappppp Tanpa Aplikasii Langsung Nyambung,",Pengiriman y lelet JNT payahhh,1
290,Tas Pinggang Army Pria,Sesuai dengan foto dan proses cepat,1
291,"Barangnya Bagus Sesuai Deskripsi ,Puas Banget","Barangnya bagus,sesuai keinginan,tidak mengecewakan",1
292,Bintang Yg Brbicara,bintang yg brbicara,1
293,Nice,Thank you. Sangat puas gan dengan paketannya,1
294,Bagus,hanya gunting kuku yg miring kgak rata ujungnya  jdi kgak kepakai ...tajam gunting kukunya hanya kgak rata saja ,1
295,Respon Chat Lambat,Tidak sesuai dengan apa yang saya mau,1
296,Daster,"Untuk harga segitu,, barang cukup bagus...",1
297,Kereeeeeennnn,Sesuai dengan gambar maaaantaaab,1
298,Bagus,"Walopun warna yg dtg tdk sesuai harapan, tapi tetep suka ama bentuknyaa yg simple.. Makasih",1
299,Suka Bngt,"Lumayan bagus tapi ngpress sama badan kurang gde dikit,tapi goooddd",1
300,Insya Allah Sesuai,Insya Allah sesuai,1
301,Mantul (Mantap Betul),Mantaaaaaaaaaaap jiiiwwwwwwwwaaaaaaa dechhhh,1
302,Bagus,"Ternyata kebesaran bajunya . Packing bagus , good kualitas",1
303,Topi,Keren.. ,1
304,Amanah...,Barang sesuai pesanan,1
305,Kualitas Sesuai Deskripsi,kualitas sesuai deskripsi,1
306,No Good,"Barang yg tak layak dijual seluruh permukaan terdapat bentol"" gtu,  tdk mulus",0
307,Good Seller,"Pelayanan luarbiasa, cuma blm sya buka apkah sesuai apa ga....ksluruhan very good",1
308,"Kualitas Baik,Pengiriman Cpt.","kualitas baik,pengiriman cpt.",1
309,Bagussssss,Bagus respont cepat dan ramahhhh,1
310,Mantab,Rekomended sellr,1
311,Packing Lama ,packing lama !! Chat gak di bales bales !! tapi lumayan bagus hasilnya gan :^-^,1
312,Kecewa Dengan Kwalitas Barang,kwalitas barang rongsokan parah !!!!!!!,0
313,Sangat Baik,"Packing baik, cepat sampai.. puassss banget..",1
314,Berfungsi Baik,Brang berfungsi dengan baik semoga awet...thanks,1
315,Biasa Saja,aduh yg beli complen bagus yg digambar semoga next yg beli tidak kapok,1
316,"Belum Dicoba,Mudah2an Awet,Overall Cukup Baik","belum dicoba,mudah2an awet,overall cukup baik",1
317,Bagus,"Barang sesuai pesanan, dan sesuai dengan yang saya inginkan",1
318,Softlens,Sudah diterima. Sesuai pesanan. Packing rapih...terimakasih,1
319,Thank's Barang Sudah Sampai...,thank&apos;s barang sudah sampai...,1
320,Beli Pb,"Fast respon chat, brg cepet sampai",1
321,Murmermew (Murah Meriah Mewah),murmermew (murah meriah mewah),1
322,Penipu,Buka lapak penipu barang tdk sesuai poto ukuran jg dibilang XL besar eh yg dikirim baju bayi gmn jadi nya,0
323,Kabel Mhl,Barang sesuai pesanan n pas d cb sesuai,1
324,Keren,Cocok sesuai harga dan kwalitas,1
325,Sesuai Pesanan,Sesuai pesanan. Terimakasih bukalapak,1
326,Sesui Harga,lama nunggu datang juga barang ku,1
327,Lumayan Buat Ganti2,lumayan buat ganti2,1
328,Bagus,bagus,1
329,Pas,pas,1
330,Sesua Dengan Deskripsi,sesua dengan deskripsi,1
331,Mantap,Bagus bungkus rapi,1
332,Bahan Nya Buruk Dan Tipis,bahan nya buruk dan tipis. di info nya kurang jelas. ukuran terlalu kecil gak sesuai,0
333,Keren,"Barang bagus, udah dapet paket lengkap. Usb sama headset sekaligus. Mantap deh pokonya",1
334,Sesuai Pesanan,murah meriah kukit asli dan sudah di sol,1
335,Bagus,Bagusss apalagi kalo dapat bonus,1
336,Wkwkwkwkwkwkwk,anggap baik saja dari pada pusing,1
337,Bahan Enteng,kualitas material ringkih dan tombol crono nya keras untuk di pencet,1
338,Lama Sampainya,Lama sampainya,0
339,Barang Sudah Diterima Sesuai Gambar,Barang sudah diterima sesuai gambar. Cuma Proses nya lama.,1
340,Ga Body Glass,"di gambar mengkilap ko ini yg saya terima engga ya gan, klo motipnya beda si saya ga permasalahkan scara namanya batu ya ga bisa sama.. tapi ini...",0
341,Mantabb,Dapet promo Flash sale dari buka lapak..mantabbb dah.,1
342,Baju Muslim,"Barang cpt sampai,sesuai prsanan",1
343,Hrga Murah Dri Dtoko,hrga murah dri dtoko,1
344,Makasi Kk Bagus,Makasi kk bagus,1
345,Brg Murah Tp Style,Brg ok.............................ok gaes,1
346,Suara Mantap,Tapi barang tidak sesuai gambar dan tidak ada bluetooth nya,0
347,Recommended,"Barang sesuai gambar, bahan ok harga terjangkau",1
348,"Lumayan Bagus, Dan Sesuai Harganya","lumayan bagus, dan sesuai harganya ",1
349,Topi Import Keren Abissss,mantap jiwalah pokoknya keren gan gaul topi nya,1
350,Lambat Dan Resi Susah Di Lacak,lambat resi susaha dilacak bonus tidak bisa di pakai,0
351,"Barangnya Sesuai Dng Deskripsi, Pesanan Sesuai.","Barangnya sesuai dng deskripsi, pesanan sesuai.",1
352,Bagus Kok,Bagus..tapi sayang kekecilan mb,1
353,Tak Sesuai Dengan Demo Di Video Nya,Barang sesuai gambar cuma tak sesuai dengan video demo nya,0
354,Kecewa,Sy tdk suka karna sepatu yg di sebelah kiri gak di jahit,0
355,Sesuai Pesanan,sesuai pesanan,1
356,Kecewa Berat,"Barang tidak bisa digunakan , nyala tapi suara kusut, payah ,kecewa berattt !!!!",0
357,Kecewa..,"Saran buat seller, kalau barang habis sebaiknya di tolak aja, jangan di kirim asal2-an .. saya sangat kecewa, saya pesan 5 pcs, yg sesuai dengan yg saya minta cuma 2 pcs, yg lainnya sempit .. saya minta L, di kasih M ..",0
358,Kecewa!,jahitan dalam berantakan ,0
359,Keren,iya yang unik yang unik yang unik hehe,1
360,Barang Oke,Barang oke... tapi kebanyakan lagu anak anaknya...dan sedikit yang ada teksnya.... apapun untuk harga segitu saya puas dengan jualan mas Deni,1
361,Bagus Barang Sesuai Pesanan,bagus barang sesuai pesanan,1
362,Sesuai Pesanan,sesuai pesanan,1
363,Ok,ok,1
364,Terima Maksih,terima maksih,1
365,"Fast Respon, Barang Cepat Sampai.","Fast respon chat, barang cepat sampai. Kualitas barang lumayan.",1
366,Barang Tidak Lengkap,Saya sudah baca dengan sangat detail sebelum memesan...knapa saat barang d tangan...hnya ad mesin potong dan sebuah sisir...pdahal d sana disebutkan dengan jelas kelengkapan nya...,0
367,Kualitas Bagus,"kualitas bagus, Seperti orinya, tdk belang, & packing bublewarp tebal. mantap.",1
368,Bagus,Barang sesuai pesanan walaupun slow respon dan lama sampai,1
369,Barang Mudah Retak,Packingx rapi.,0
370,Bagus,Barang sesuai pesanan respon cepat,1
371,Oke Bgt,"Mantaaap deh jadiii lebiiiiihhhh seneng buat jalanin sunnahhh, moga moga allah paring barokaah yg banyakk",1
372,"Bagus... 
Terima Kasih...",bagus... ,1
373,Bagus,bagus,1
374,Cm Dapet Remotnya Yg Tdk Jln,"cm dapet remotnya yg tdk jln, trs ga kuat lama, klo udh panas adaptornya, layar jd putih smua, hrs restart ulang baru bagus lg gambarnya.",1
375,Barang Sesuai,Packingnya rapih barang sesuai di gambar,1
376,Terima Kasih,Barang sudah kami terima dengan baik,1
377,Mantab Cocok,mantab cocok,1
378,Lumayan Brang.A Good!!!,Lumayan Brang.a Good!!! ,1
379,Mantapss,"barang bagus, cepat sampai, packing baik",1
380,Sip Gan Mantap Barangnya,sip gan mantap barangnya,1
381,Lama Sampai Nya,"Chat lama di balas,jawaban chat kurang sopan dan pengiriman lama",0
382,Barang Sesuai Gambar.  Makasih,barang sesuai gambar.  makasih ,1
383,"Barang Sesuai Pesanan Mas Bro Dan Terpercaya , Thanks","Barang sesuai pesanan mas bro Dan terpercaya , thanks",1
384,Terimakasih!!!,Terimakasih!!!,1
385,Gk Dikirimin Warna Merah,Gk dikirimin warna merah...lupa tulis..tp ud chat..eh dikirimnya wrna gelap,1
386,"Sesuai Harga, Bagus","Sesuai harga, bagus",1
387,Ok,Barangnya sesuai dengan deskripsi,1
388,Remote Jelek,"remot parah banget tidak sesuai judul jika barang baru....dos bukan aslinya. unit nyala dengan baik, kabel hdmi baru......kecewa banget mengenai remote",0
389,Barang Sesuai Pesanan. Mantaps,Barang sesuai pesanan. Mantaps,1
390,Tidak Bagus..,Tolong perhatikan timbangan..!! yg ditawarkan 250gr..masa yg dikirim 150gr..,0
391,Responnya Lambat,"Responnya lambat banget, tapi buat barangnya dijamin bagus sesuai harga ",1
392,Bagus Sesuai Sama Harga Nya...,bagus sesuai sama harga nya...,1
393,Agak Kecewa,.................... ........ Tas banyak noda :(,0
394,Bagus......,Bagus...... ,1
395,Bagus,"Barangnya Bagus, nyaman dipake",1
396,Sip,Bagus sesuai pasanan.. Jahitannuya rapih juga cocok,1
397,Yg Cewe Kegedean,yg cewe kegedean,1
398,Bagus Banget,Sesuai dg gambar dan harga sangat bagus tidak mengecewakan,1
399,Barang Sesuai,barang sesuai,1
400,Barang Tidak Sesuai Pesanan,Pesan na no 36 di kirim na no 37,0
401,Kualitas Baik,kualitas baik,1
402,"Pengiriman Cepat,Tp Krimnya Belum Dicoba","Pengiriman Cepat,tp Krimnya belum dicoba",1
403,Pengiriman Cepat,Sampai datang dengan selamatselamat,1
404,Barang Bagus,barang bagus,1
405,Mantap Benar Ok,Mantap benar ok,1
406,Best,Brg udh ditrima dgn baik..sesuai pesanan..good reseler,1
407,Barang Busuk,"Barang yg jual tukang tipu kaya nya, celana ukuran 38 tp kaga muat di pake, jual jangan menipu orang . Tidak berkah",0
408,Bagus Bahannya,bagus bahannya,1
409,Bagus,Bahan nya adem dan jahitan rapih,1
410,Recomend Seller,recomend seller,1
411,"Barang Diterima, Trm Ksh","barang diterima, trm ksh",1
412,Barang Bagus,barang bagus,1
413,Bagus,Barang sesuai pesanan dan cepat sampai,1
414,Keren!,saya pesan yg udah di rakit seperti 3 rak awalnya kok ini di datangnya belum di rakit wah gimana nih ? di chat lagi ga ada respon ,1
415,Trims Ya Gan Barang Sesuai Dengan Gambar,trims ya gan barang sesuai dengan gambar,1
416,Cepat Sampai....,Barang cepat sampai....,1
417,Keren,keren,1
418,Pesanan Cepat Aampai,Cepat sampai barang nya pengiriman cepat,1
419,Barang Sampai Tidak Bisa Hidup,barang sampai tidak bisa hidup,0
420,Luar Biasa,gan makasih sudah packing dengan baik kirim dengan cepat luar biasa,1
421,Ok Gan Warna Sma Ukuran Mantab,ok gan warna sma ukuran mantab,1
422,"Baterai Yg 1 Rusak Dan Gembung, Tidak Dapat Ngisi Di Cas","Tidak suka dan sangat kecewa, dan tolong baterai di ganti",0
423,Sesuai Gambar.. Bagus Bonekanya,sesuai gambar.. bagus bonekanya,1
424,Bagus,Ya lumayan sesuai dengan harganya.,1
425,Lumayan,terimakasih barang sudah sampai,1
426,Joosss..,joosss..,1
427,Natural Republic Aloe Vera,"Varang bukan yang saya kehendaki,sangat cair dan banyak air,bau kurang sekali ,maaf kami menolak",0
428,Barang Sudah Diterima...Thanks,barang sudah diterima...thanks,1
429,Fashion Wanita Sw Crop Syal Baju Croptop Baju...,Digambar keliatannya syal smpe kbelakang tengkuk. Trnyata dr pundak saja,1
430,Barang Ok,barang OK,1
431,Kualitasnya Bagus,Kualitasnya bagus,1
432,Barang Lama Nyampe,"barang lama nyampe,  dan pecking nya sangat mengecewakan sehingga barang rusak.talinya lepas. Semoga packingnya lebih ditingkatkan lagi. ",0
433,Keren Boss,"Barang sesuai dengan pesanan, pokokny keren",1
434,Bagus,"Saya beli 2 hitam ama putih semuanya ok,,, tp syg yg warna hitam menu gk ada bahasa indonesianya, tp gk masalah biar anak bs belajar bahasa inggris hehe",1
435,Semoga Awet Dipakainya. Sesuai Pesanan.,semoga awet dipakainya. sesuai pesanan.,1
436,Ulasan,"Cepet sampai, sesuai pesanan, barangnya bgus",1
437,Ok,okkkkkleeeeeeeee................,1
438,Ok,Barang berbeda dgn di gambar.. but its ok.. fit utk sony a6300,1
439,Sesuai Pesanan,Imut tasnya...bhannya bagus...suka perpaduan warnanya,1
440,Payah,Barang tidak sesuai dengan gambar,0
441,Joy Stik Game,Barang keren. Sesuai yang saya harapkan..hp android bisa jadi PC dengan Joy stick ini..,1
442,Barang Bagus,"Barang sampai sesuai pesanan.. packing rapih, barang kinclong, sesuai prediksi memang agak lama sih, krn jarak kali ya.. tp ttp puas dgn layanannya.. thanks...sukses ya gan.. take the 5star..",1
443,Yaa Lumayan..Sesuai Hrg..Thank Gan Bonusx Mantap..,yaa lumayan..sesuai hrg..thank gan bonusx mantap..,1
444,Good,good,1
445,Konfirm Penerimaan,"Lumayan gan, sejauh ini barang bagus, sayang ga ada chargernya, makasih gan",1
446,Lumayan...Bahannya Adem,lumayan...bahannya adem,1
447,Keren Sesuai,Keren recomended seller jossjossssss,1
448,Pantes Murah,Ya namanya murah... Gapapa lah yg penting ga penasaran lagi,1
449,Sesuai Pesanan N Barang Oke,Sesuai dengan yang dipesan serta pengiriman cepat,1
450,"Tidak Sesuai Ekspetasi, Bahan Tipis","Tidak sesuai ekspetasi, bahan tipis,",0
451,Fast Response,Fast response,1
452,Bagus,Barang sesuai pesanan..buka lapak memang memang mantap,1
453,Tetapi Akan Lebih Baik Jika,<br/>,1
454,Alat Cek Uang,"LUMAYAN , MURAH , CUMA BELUM ADA BATERAI NYA , MUDAH MUDAHAN AWET . SUKSES RESELER",1
455,Aaaaaaaaaaa,Gooooooooooiiiiooodddddddddddd,1
456,Tinggal Pasang....,tinggal pasang....,1
457,Respon Cepat,"Barangnya bagus dan harga terjangkau, respon penjual juga cepat",1
458,Pesanan Tidak Sesuai ..,pesenan tidak sesuai dengan apa yang kita pesan ..,1
459,Saya Puas!,kualitas barang sesuai harga. lumayan lah buat pamakaian di dalam rumah.,1
460,Barang Sudah Di Terima,Barang sudah di terima,1
461,Kreatif Yg Buat Ini,"kreatif yg buat ini, cocok buat adik di pondok, Krn tipis jd praktis di simpan di lemari",1
462,Terima Kasih Barang Sudah Sampai,terima kasih barang sudah sampai,1
463,Puas,"Respon cpt,barang sesuai aplikasi,cpt sampai",1
464,Biasa,Tidak sesuai ekspetasi.. tp lumayan lah,1
465,Bagus,"packingya rapi,cepet nyampe,isi nya sesuai deskripsi,bagus pokoknya,terimakasi",1
466,Sesuai Barangnya,sesuai barangnya,1
467,Cepat Sampai,cepat sampai,1
468,Bagus,Tingkatkan pelayanan biar pelanggan puas,1
469,Bagus.. Sesuai Pesanan,"Sepatunya bagus.. Ukuran sesuai.. Recom seller. Cuman, sedikit ada lem dibagian strip hitam. Tapi, ga masalah.. Saya kasih bintang 3 dulu. Sesuai janji, selama 2-3 hari pemakaian sol tetap kuat.. Saya tambah 2 bintang (jadi bintang 5) :)..",1
470,Kecewa!,Kecewa sekali karena pertama kali saya coba langsung konslet dan power mati total.,0
471,Mantapppp,"Barang oke sesuai pesenan, sangat memuaskan. Terimakasih",1
472,Suka,Barang sesuai deskripsi warna bagus,1
473,Sebenernya Udh Pernah Brlanja Dimarih,"Cm kmrn kok tumben agak ngaret,  mungkin pas sistem BL nya yg lelet kali yak,  barang sampenya malem.  Order dr kmaren sore pake gosend..",1
474,Warnany Bagus,warnany bagus,1
475,Bagusss,Bagusssss jam nyaaaaaaaaaaaaaaaa,1
476,"Mkasih ,Gan Hadiahnya....Biar Bintang Yang Berbicara....",Ni order yang kesekian kalinya...kalo.bisa ada harga grosirnya....,1
477,Mantap,"Barang sampai dengan aman, kualitas mantaap",1
478,Packig Baik,Packig baik,1
479,Bagus,bagus      ,1
480,Mantappp,mantaapp barangnya sesuai pesanan,1
481,Barang Diterima Dalam Kondisi Rusak,Barang yang saya harapkan bagus dan bisa bermanfaat namun justru saya terima dalam kondisi Rusak,0
482,Good,bagus sih barangnya sesuai dengan gambar,1
483,Barang Diterima Dalam Keadaan Rusak,"Barang diterima dalam keadaan rusak,  pelayanan tidak menyenangkan pelapak susah di telfon karena barang cacad, Bukalapak harus segera proses",0
484,Ok,Wololoooooooooooooooooo,1
485,Good,"Brg sesuai pesanan kualitas mantap, harga murah",1
486,Cepet,Thanks ya gan.........................,1
487,Nice,Barang oke tinggal di coba dulu,1
488,Numero Uno,Pokoknya recommended lah............................,1
489,Belom Dicoba,masih belum tau bisa di gunakan atau tidak,1
490,Lcd Touchscreen,"Tombol kembali yg saya dapet agak susah, tombol multitab suka kaya kepencet sendiri terus menerus kalo lagi kumat. Brightness juga gabisa diatur, cuma bisa brightness maksimal aja, gabisa low bright, jadi rasanya agak mengganggu penglihatan. Kualitas warna Layar juga buruk, yg tadinya amoled jadi serasa tft. Kurang tajam.",1
491,Sesuai Harga,sesuai harga,1
492,Sesuai Harga,sesuai harga,1
493,Mantap,Barang sudah sampai dengan selamat. Cuma yg pulpen lancip saya bingung cara pakenya. Hahahahaha,1
494,Good,"Bagus, sesuai pesanan. Pas di coba hasilnya Natural bgt kaya alis beneran, efeknya buat bulu alis jd lebat ga keliatan lukis alis",1
495,Ok,Ok barang sesuai pesanan...........,1
496,Kereenn!,Mantaaappp barang sesuai dg iklan....,1
497,Lebih Mantep Suaranya Dan Fitur Fiturnya,lebih mantep suaranya dan fitur fiturnya,1
498,Sudah 1 Bulan Barang Belum Di Terima,"Barang yang saya beli, sudah 1 bulan belum di terima",0
499,Kebesaran,ternyata tidak bisa dituker..kebesaran,0
500,Bagusss,"Bru dicobain, trnyata gak muat. Biasa pke clana chino no 32, dsni pesen no 33 masih gak muat jg.",1
501,Barang Belum Kami Terima Sampai Hari Ini,barang belum kami terima sampai hari ini,0
502,Bagus,pengiriman cepat kondisi barang cuma dus packing aja yg penyok tapi barang aman gak rusak..,1
503,Mantap,Cuma dari sayanya salah pilih warna,1
504,Keren,"PAcking rapi, barang sesuai, respon cepat",1
505,Barang Sesuai Pesanan Dan Pengiriman Cepat,"Packing rapi, respon cepat sangat memuaskan harganyapun terjangkau bisa buat dijual lagi",1
506,Warna Yg Di Pesan Tidak Sesuai,warna yg di pesan tidak sesuai,1
507,Pelampung Renang,Barang sesuai deskripsi...packing baik...pengiriman cepat....mantap,1
508,Barang Sudah Diterima,Lebih dari 3 Minggu barang baru sampai padahal estimasi 3 hari,1
509,Top,Semoga sukses selalu kereeeennnnnn,1
510,Real Pick,"Bagus sesuai dengan gambar, semoga suami suka ",1
511,Untuk Sesuai Harga Barangnya Udah Bagus,Untuk sesuai harga barangnya udah bagus,1
512,Barang Udah Sampe Sesuai Dgn Pesanan,Mantab dapat cairan pembersih kacamatanya keren,1
513,Sesuai Dengan Harga,Cocok sesuai dengan harga nyab,1
514,Mantap Barang Baguss,mantap barang baguss,1
515,Ok,Cepat dan tepat waktu tp agak kekecilan aja sepatunya tapi keseluruhan sdh ok,1
516,Sesuai Deskripsi,"Barang sampai sesuai deskripsi dan dapat digunakan dengan baik, hanya pengirimannya agak lama",1
517,Size Kecil Padahsl Sudah Ukuran Paling Gede,Kecewa dengwn ukuran nya yg kekecilan..,0
518,Bagus,bagus,1
519,"Sesuai Harapan, Oke Banget","sesuai harapan, oke banget",1
520,Kwalitas Kurang    > Jahitan Kasar,kwalitas kurang ---> jahitan kasar,1
521,Iklan Tak Seindah Aslinya,Iklannya VR Box 2 tapi ternyata yg saya terima VR Box versi sebelumnya... Iklan tak seindah aslinya...,0
522,Lumayan,Baju kebesaran dan pita tdk sesuai picture. Jd hrs di permak sdkt,1
523,Tidak Sesuai Gambar,"Orderan tdk sesuai dgn gambar,,tetapi pelapak menggantinya dgn produk lain + free sabun",1
524,Celana Jeans,"Harga OK, bahan halus, cuma agak kekecilan dikit. Thanks",1
525,Tidak Bisa Nyala,tidak bisa nyala,0
526,Suka Belanja Disini ,suka belanja disini ... respon agak lambat tapi pasti... josss... lanjutkan gan,1
527,Saya Puas,"Bahannya bagus, dan karet bawahnya juga tebel. Cuman pas lubang talinya ajah besi lingkarannya ngga rapih ada bagian yg tajem jd bikin tali sepatu suka nyangkut dan jadi murudul deh talinya.",1
528,Barang Sudah Diterima,barang sudah diterima,1
529,Kecewa!,kualitas jelek,0
530,Kecewa Beli Disini,Kecewa beli dini kasian mama gua di tipu dasar,0
531,Bagus,Pen kamera slot micro sd berfungsi dengan baik,1
532,Yg Ready Putih Saja,"Waktu chating ready hitam dan biru,, pas d transfer yg ready hanya putih,, ya sudahlah sdikit kecewa,, di pakenya tdk crop sprt hoodie biasa saja,, quality oklah",1
533,Mantap,"Barang sesuai pesana , kulit asli kaya original",1
534,Terima Kasih,Barangnya sangat bagus thanks yaaa,1
535,Kaos T Shir Wanita,Barangnya bagus dan harganya ok. Thank to pelapak dan bukalapak untuk flashdealnya,1
536,Bagus,bagus,1
537,Tas Anti Hujan Dan Anti Maling,Kabel data USB kalau di masukkan ke power Bank GK cocok jadi saya ganti kabel data USB baru kalau bisa di kirim,1
538,"Barang Sesuai Deskripsi
 Chat & Respon Cepat",barang sesuai deskripsi,1
539,Kualitas Mantap,kualitas mantap,1
540,Barang Tidak Sesuai Dengan Gambar,barang tidak sesuai dengan gambar,0
541,Sangat Memuaskan,"Murah gak kelihatan murahan, saya suka sekali, terimakasih",1
542,Kurang Halus..  Catnya,Suka..tpi warnnya kurang paspas.. ....,1
543,Ulasan,Barang sesuai pesanan dan pengiriman cepat tks,1
544,Keren,Barang sesuai pesanan gan mantap dah pokoknya!  ,1
545,Mantap,Pokok&apos;e flashdeal bukalapak jos tenan. Makasih mayora dan bukalapak,1
546,"Barang Sesuai Dengan Deskripsi, Sippp!!","barang sesuai dengan deskripsi, sippp!!",1
547,Pengiriman Lama ( 7 Hari ) ,"Pengiriman lama ( 7 hari ) ,, panjang celana kurang sehingga kaki cingkrang + lingkar pinggang celana beda dengan uk. cm / inch yg umum alhasil celana tak terpakai ...",0
548,Jelek,terlalu banyak motif cowoknya,0
549,Hati Hati Sama Seller Ini,"Pemesanan lama, respond gak ada, 7 hari ga dikirim-kirim barangnya, masukin resi acak sembarangan sampe 2x, seller juga mengarahkan untuk melakukan pembayaran manual via transfer.",0
550,Kecik Banget,Kecil yah tempatnya... Kaya tester gtu tmptnya...,1
551,Barang Lagi Kosong Tapi Iklan Masih Ada,"Barang lagi kosong tapi iklan masih ada, udah pesen akhirnya di refund",0
552,Pb Nya Ringan,PB ringan doanya kaya dia karton biasa terus ditempel merekmya,1
553,Cepat Sampai,Biasa 3hari ini 2 hr udah nyampek,1
554,Lumayan,Pokok ya lumayannnnnnnnnnnnnnnnnnnnnnnnnnnnnnnnn,1
555,Mantap,Barang cepat sampai barang jossss pak mantap next order lagi,1
556,Mantap!,"Barang keren, fungsional dan sesuai deskripsi. Packing aman dan rapi, pake kertas kado pula kaya kado ultah. Pokonya mantap!!",1
557,"Wah, Puas Banget!","Tombol on off tdk ada, boros baterai. Permintaan warna hitam dikirim warna merah. Padahal saat konfirmasi stock, warna hitam tersedia. Kecewa dgn pelayanan",1
558,Good,Sesuai keinginan kwkejfdnssksddd,1
559,Lol,"Pngiriman lama, chat jga g d bls",1
560,Lumayan .. Agak Kurang Tebal Dan Kencang Karetnya,Lumayan .. agak kurang tebal dan kencang karetnya,1
561,Recommended Seller,"Barang sesuai , harga sesuai, waktu sesuai",1
562,Bagus,bagus,1
563,Kacamata Keren,"Nyaman, dan ringan design ok kekinian",1
564,"Packing Rapi

Namun Akan Lebih Baik Apabila Di Beri Bonus",packing rapi,1
565,Respon Tidak Ada. Barang Sampainya Molor. Barangnya Dah Bgs.,Barang sesuai. Pengiriman molor. Respon tidak ada.,0
566,Bingung Cara Pakai Nya,Masih belum bisa pakai nya nih.... Okay sih,1
567,Barang Bagus,"mic nya work, suara jernih ketika di test, sesuai ekspetasi.. recomend deh.. ",1
568,Bagus Dan Berfungsi Sesuai,"Beli aja jika diperlukan, untuk yutuban dan Streaming cucok banget",1
569,Keren! Sesuai Pesanan,keren! sesuai pesanan,1
570,Blouse Off Shoulder,Terima kasih ...istri saya suka sekali,1
571,Mantap,Brg sdh smpai dgn kondisi yg memuaskan...tdak ad cacat dan berfungsi dgn baik....,1
572,Puas,"Baramg sesuai yang di inginkan , recommend banget lah",1
573,Sangat Kecewa Barang Tidak Sampai,Sangat kecewa barang tidak saya terima,0
574,Sesuai,Sangat cocok dngan yg di pesan,1
575,Baguuus,Cuma pas pembelian kedua brg nya lama sampe..tp gk papalah..skrg brg nya udh sampe,1
576,Ukiran 44 Nya Terlalu Kecil,ukiran 44 nya terlalu kecil ,1
577,Barang Tidak Bisa Berfungsi,Barang sesuai pesanan tapi ngak bisa konek ke hp,1
578,Ok Baguuuuussssssssssss,ok baguuuuussssssssssss,1
579,Qualitynya Kurang Bagus.,Kualitas ya kurang bagus. Bahannya nya tipis n resletingnya juga.,1
580,Josss...,josss... ,1
581,"Barang Sesuai , Packing Mantap","barang sesuai , packing mantap ",1
582,Korset,"barang nya bagus koyo nya juga terasa banget, terima kasih gan barang nya keren",1
583,Barang Murah Dan Bagus ,"Barang murah dan bagus , packaging ok juga pake kardus susu ... kelihatan banget juragan ini punya anak kecil. Tapi tetap semangat dan fast respon nyari nafkah nya ... ini penjual yang amanah .... best seller recomendes banget lah",1
584,Good,good,1
585,Gak Sesuai,Apaan2n ini gak sesuai sama barang mentang2 flash sale di kirim beda sm di foto,0
586,Tks Barang Sudah Di Terima,tks barang sudah di terima,1
587,"Murah

Namun Akan Lebih Baik Apabila  Blm Coba",murah,1
588,Keren!,"barang sudah sampai walaupun celananya warnanya ada yg sama tp gpp,makasih",1
589,Bagus,"Sesuai dengan gambar, terima kasih",1
590,Sesuai Dengan Pesanan,sesuai dengan pesanan,1
591,Pesen Yang No Sepuluh Datang Yang Warna Item.,Tidak suka nya warna yang di kirim tidak sesuai harapan..heemmmm,1
592,Lama Samnpainya. R1nya Juga. Banyak Yang Tidak Berfungsi.,Kelamaan dibandengan selatan. Klo pake j n t biasanya 3 hari udah sampai. Ini 5 hari,1
593,Siipp..  Bagus...,siipp..  bagus... ,1
594,Barangnya Lumayan Bagus,"Suka dengan pelayanannya, barang juga memuaskan dan prosesnya tepat waktu",1
595,Bagus Dan Sesuai Pesanan,Bagus dan sesuai pesanan,1
596,Barang Cepeta Sampai Kain Aden,Bahanya bagus respon cepet  .dan dcepet sampai,1
597,Ok Sesuai Pesanan,ok sesuai pesanan,1
598,Kualitas Sekelas Yang Mahal Punya,Barang2 merk sunfree MURAH dan tidak MURAHAN,1
599,Best Seller,"Cepat sampai,respon cepat,packing rapih",1
600,Puas,"Blum dicoba, mudah2an cocok dan berkhasiat.............",1
601,"Ok

Namun Akan Lebih Baik Apabila Ok Ajalah",ok,1
602,Vacum Pembersih Telinga,"Yang jelas responya cepat, barang sesuai pesanan",1
603,Baguss,"tshirt sdh diterima, bhnnya ok..thank you :-))",1
604,"Bagus,Sesui Deskripsi","bagus,sesui deskripsi",1
605,Celananya Oke Jga Bagus,Pengitriman cepat.. Cepat sampai,1
606,Kosong,Bayar untuk ini...tp cuma karton bekas ,0
607,Kualitas Tanaman Mantap,kualitas tanaman mantap,1
608,Keren Bin Imut,"Barangnya imut, cocok d bawa kemana mana, dan bermanfaat",1
609,Sial,Minta biru muda malah di kirim biru dongker,0
610,Enak,Murah enak dan lezat....sering2 ya dpt yg Murmer...,1
611,Sip,Sip,1
612,Kecewa!,barangnya yg 1 kasar sdngkn yg 1 halus bngt end barang nya klu bs jgn lama dtgnya.,0
613,Cepat Nyampainya,Tp ukurane kurang besar ..overall ok,1
614,"Sip

Namun Akan Lebih Baik Apabila Ada Yg Warna Hitam",Sip,1
615,Hdmi,"Tidak bisa digunakan, tampilan cek list.di Wifi dan di TV, tidak muncul gambarnya apa-apa. Berikut screen shot error dalam lampiran. Saya sudah coba di beberapa TV dan Beberapa Handphone. Tetap sama",0
616,Manap,Seesuai pesanan recomend banget mantab,1
617,Mantab,mantab,1
618,Keren Sekali,"Barang bagus tapi sayangnya tidak ada saku di bagian dalam,,jadi intinya tidak sesuai gambar",1
619,Komplain Barang Tak Diterima,"Sampai hari ini barang belum dikirimkan, pihak grosir (setelah terlambat lewat beberapa hari yg seharusnya sampai) menyatakan tak sanggup dan meminta saya lewat admin ini untuk membatalkan pesanan! Bagai mana solusinya?",0
620,"Barang Oke,","Yaa gitu deh,  ya sudahlah, biar allah swt yang berikan jalan dan hidayahnya saya selaku umat cuma bisa bilang amin..",1
621,Badai Flash,"Murah banget cuma 1000 dpet 3,,makasih admin barang cepet dikirim juga",1
622,Sesuai Pesanan,Sesuai Pesanan dan respon chat cepat,1
623,Cepat Sampai,Cepat sampai . Kasih 4 dulu ya semoga cocok .,1
624,Baguss,Barang cepat sampai terima kash,1
625,Sukses Selalu Berang Sudah Nyampek,Oke dan sip pelayanan nya ...,1
626,Terima Kasih,Bajunya bagus tp sayang bahannya tipis.,1
627,Asli Dan Memuaskan,Asli dan memuaskan,1
628,Barang Bagus,Barang bagus tapi bahannya karet semua tidak seperti kelihatannya,1
629,Mantap Gan,Harga termurah yg ada d online shop ini dan KUALITAS nya TOP,1
630,Kok Gini ?,"barang tidak sesuai seperti di gambar, kecewa. pantes murah, yang kanan juga gak bisa. haduh haduh . nyesel dah",0
631,Bagus Sesuai Dg Brgnya,bagus sesuai dg brgnya,1
632,Jadi Rata,make up wajah jadi lebih rata dan halus,1
633,Mantap Gan. Pas. Perfe Ct Dah,mantap gan. pas. perfeCt dah,1
634,Barang Bagus,barang bagus,1
635,Dengan Harga Segitu,"Dengan harga segitu, ya bagus lah kualitasnya. Full sampe pinggang pula. ",1
636,Packing Rapih,"packing rapih. Namun, akan lebih baik apabila cek barang sebelum di kirim",0
637,Rasa Nya Sama,rasa nya sama,1
638,Suka Sekali Karna Pengiriman Cepat,Suka sekali karna pengiriman cepat,1
639,Barang Sesuai Pesanan,barang sesuai pesanan,1
640,Alhamdulillah,alhamdulillah ,1
641,Baguss,"Barang bagus sesuai harga nya , hatur nuhun",1
642,Bagus,Paket cepat sampaisampai dan mendarat dengan selamat,1
643,Cepat... Thanks..,Cepat... Thanks.. ,1
644,"Buruk ,Tidak,Tidak Ada Fungsi Nya.","buruk ,tidak,tidak ada fungsi nya.",0
645,Barang Cocok,Sesuai dengan iklan nya. Terimakasih atas kerjasamanya. Semoga lapak Anda senantiasa dalam keBerkahan..,1
646,Nice,nice,1
647,"Tombol Samping Nya Tidak Ada
  Dan Tidak Berfungsi Gmna Ni",tombol samping nya tidak ada,0
648,Lambat Sekali Pengirimanya,Barang datangnya hanpir 10 hari,0
649,Sesuai Pesanan,Lama sampai.......................................,0
650,Model Sesuai Gambar,"Packing rapi,baju sesuai gambar cuma respon pelapak kurang cepat",1
651,Brush Makeup,Lumayan cepat sampai dari barang sesuai pesanan,1
652,Very,Good and cheaper than in the real store,1
653,Kecewa,"barang tidak sesuai dengan gambar, warna tidak sama. digambar pink salem yang dateng dusty pink",0
654,Thank You Barangnya Sudah Diterima,Thank you barangnya sudah diterima ,1
655,Bahan Kurang Bagus&Kurang Menarik,Kecewa dengan barang pesanan yg begitu kurang menarik,0
656,Flash Sale,"Terima kasih, anak saya suka sekali",1
657,Bagus,Walaupun murah tapi bagus dan sangat cepat respon kirim nya,1
658,Celana,"Packing Baik,sesuai pesanan, cepat sampai",1
659,Juaraaa,juaraaa,1
660,Biasa Aja.. Jaitan Berantakan.. Tapi Sesuai Harga Lah..,Biasa saja.. jaitan ga rapih.. sesuai harga lah..,1
661,Bagus,Barangya dh sampe...packing rapi maksihh,1
662,Kecewa!,pelapaknya blg sdh dikirim ternyata brg dikirim 2 hari setelahnya,0
663,Barang Sesuai Pesanan,"Barang sesuai pesanan, Good Seller",1
664,Kemasan Rapi,kemasan rapi,1
665,Cepat!,cepat!,1
666,Affordable Price,thankyou seller thankyou juga flash sale BL,1
667,Oke,Sudah diterima dengan cepat dan barang bagus,1
668,Kecewa,Gmana ceritanya mo pake ukuran segini. Minta size 6 dan 7 datangnya apa????????????????,0
669,Kualitas Sesuai Harga Lah.. Semoga Awet Aja,kualitas sesuai harga lah.. semoga awet aja,1
670,Rk134  (Y),"bagus banget,,,,N pengiriman cepat,, ",1
671,Barangnya Mana???? Konyol!!!!,Ngasih ke siapa? Soalnya dari kemaren saya di kantor. Mohon konfirmasinya segera. Trims,0
672,Cpt Smpai Brgnya,cpt smpai brgnya,1
673,Jauh Dari Yang Dibayangkan,Karakter tas tak sperti di gambar yg terlihat berbobot tapi nyatanya kempes,1
674,Bagus Barangnya.,Sesuai sama pesanan. Pengiriman normal.,1
675,Mesenny Kapan Nyampenya Kapan,"Pelayanannya lamaaa, nyampenya lama banget padahal masih jabodetabek. Bukan lama dikurir tapi di toko",1
676,Imut Skl.,Sesuai pesanan. Imut n tipis. Semoga awet n tdk mudah putus.,1
677,Bagus,Barangnya cepat sampe sesuai gambar tapi sayang kegedean,1
678,Smartwatch A1,"Alhamdulillah,kado buat anak pake grabpay sudah sampai dengan baik serta berfungsi normal.Recomended seller Agan ini",1
679,Barang Sudah Sampai,Baranggg sudahhhh sampaiiiiiiiiiiii,1
680,Sangat Puas,sangat puas,1
681,Barang Sesuai.. Terima Kasih,Alhamdulillah barang tidak mengecewakan,1
682,".

Namun Akan Lebih Baik Apabila ......", .,1
683,Bgusss Bgttt,bgusss bgttt,1
684,Agak Sedikit Kecewa..,Saya kira lapisan bawahnya kaya seprti seputu biasa.. ternyata lapisan bawa.. sangat tipis dan sperti ban,0
685,Bagus,"Barang sesuai pesanan baik pula, fast respon",1
686,Bagus,Barang wajar sesui harga gak berlebihan,1
687,Kereen,Cocok lah buat hang out tas nyaa ...kereen jg,1
688,Trimakasih Barang Baru Sampai,trimakasih barang baru sampai,1
689,Sesuai Pesanan....,sesuai pesanan....,1
690,Mantap... Di Bonusin Lagi. Tq Ya Bos Ku,mantap... di bonusin lagi. tq ya bos ku,1
691,Teliti & Baca Sebelum Membeli,"Letak kantong agak rendah, tapi warna seperti digambar. Jeansnya ternyata agak hipster, hanya kantong hamil yg memang sepanjang perut. Buat yg hamil besar sudah tdk bisa dipakai, krn memang lingkar paha hanya sampai 46cm seperti yg ditulis penjual.",1
692,"Sesuai Pesanan & Berfungsi Dgn Baik, Thanks Gan","sesuai pesanan & berfungsi dgn baik, thanks gan",1
693,Recommended Seller,"Barang Sesuai pesanan ,cepat sampai , thanks Bukalapak , thanks seller",1
694,Respon Chat Sangat Minim,"Order kmaren siang pakai grabinstant,di chat GK balas2 dr kmaren,",1
695,Harga Oke,"Harga oke bgt karena dpt promo flashdeal, tp banyak yg remuk chocolatosnya, overall oke, thankyou",1
696,Jozz,jozz gandos top markotop pkoeeeeeeeeeeeeeeeeeeeeeeeeeeeeeeeeeeeeeeeeeeeeeeeeeeeeeeeeeeeeeeeeeeeeeee,1
697,Sesuai Harga,"Lumayanlah utk tas dg harga segitu, semoga bisa awet",1
698,....Cakeppp... Manteb....,Terima kaseh... Susah diterima barangnya.... Sukseskan lapaknya....,1
699,Barang Cepet Sampai,Packing bagusbagus terimaksihterimaksih sukses,1
700,Keren,"Barang sesuai iklan, packing rapih, cepat sampai dan kualitas barang baik",1
701,Sesuai Estimasi....Terimakasih,"Bagus, barang cepat sampai, respon penjual baik..Kapan2 mau ordel lg ya.",1
702,Bagus,Barangnya bagus packing baik berpungsi terima kasih,1
703,Kecewa,Barang tidak sesuai pesanan ..sangat jelek ...bahannya juga sangat jelek,0
704,"Sesuai Ukuran 

Packing Tidak Rapih",sesuai ukuran ,0
705,Bagus,sdh sampai blm dicoba sih tp kemasan rapih mudah2an ga gampang rusak,1
706,Tentang Barang !!!,"Barangnya sih bagus, suaranya TIDAK jelek, bassnya enak, tapi harganya terlalu murah saya ga suka karena saya orang kaya.",0
707,Barang Sesuai Pesanan Da Cepat Sampai,"Good, barang bagus dan suaranya jernih keren",1
708,Harus Lebih Detail Lagi,Alat cukurnya udah sesuai gambar namun gak ada keterangan bahwa alas untuk cukurnya terbuat dari plastik viber gth... Yg biasanya terbuat dari besi,1
709,Barang Lumayan,Barang lumayan,1
710,Bagussssss......,bagussssss......,1
711,Barang Bagus,"barang bagus, hanya saja, ukuran kurang sesuai dengan ukuran sepatu yg dijual di toko.",1
712,Mantap...Ada Resep Meracik Umpan..,mantap...ada resep meracik umpan..,1
713,Kl Dr Luar Maah Seperti Original,sesuai deskripsi dan foto. lumayan lah.. malasih,1
714,Barang Sesuai Dengan Deskripsi,barang sesuai dengan deskripsi,1
715,Keren,Sesuai deskrifsi....cepat sampai,1
716,Good Quality,good quality,1
717,Sesuai,Barangnya sesuai gambar bagus cuman ukuran 36 masih kebesaran,1
718,Bagus,kualitas bagus sesuai ekspektasi hanya saja nomer nya agak kegedean aj.....4 all good lah,1
719,"Barang Bagus, Sampai Dengan Selamat...","Barang bagus, sampai dengan selamat...",1
720,"Kenapa Hanya Dpt 1, Judulnya& Gambar Nya Twin Pack","Kenapa hanya dpt 1, judulnya& gambarnya twin pack",0
721,Barang Rekondisi,"barang rekondisi,.gak awet (baterai speakernya itu baterai nokia bekas)",0
722,Pengiriman Nya Aja Aagak Terlambat..,pengiriman nya aja aagak terlambat..,1
723,Lama Nyampenya..Barang Ga Sesuai Dgn Pesanan,lama nyampenya..barang ga sesuai dgn pesanan,0
724,Pengiriman Cepat,pengiriman cepat. pelayanan bagus. packing bagus. ,1
725,Mudah2an Awet,mudah2an awet,1
726,"Barang Ga Sesuai Warna

Namun Akan Lebih Baik Apabila Kacau",barang ga sesuai warna,0
727,Very Good,"Paket cepat sampai, packing rapi, dan seller ramah",1
728,Bagus,"Baju bagus, tapi ukurannya lebih kecil.. Saya pesen M tp seller kirim L dan ternyata muat",1
729,Barang Tidak Sesuai,"Pesan warnah putih & abu ""... muncul warna pink sama gold padahal pesanan orng... kecewa",0
730,Barang Sudah Sampai,barang sudah sampai,1
731,Good Bgt,Bisa di jadikan langganan recommended,1
732,Pipa Asap,Saya suka packing baik tapi cepat sampai tapi tida sesuai warna,1
733,Excellent,Excellent,1
734,Barang Cepat Sampai..,Barang cepat sampai.. ,1
735,Barang Baguss,barang baguss,1
736,Kerennnn,Mannnnnntttaappppppppppppppppppppppppppppppppppppppppppppppp,1
737,Barang Sesuai Pesanan,"barang sesuai deskripsi, bahan baik dan nyaman",1
738,Kaos Tshirt Wanita,"Barang sudah di terima sesuai pesanan , pas di badan",1
739,Thanks,makasih untuk flash deal nya     .,1
740,Cincin Siam Bangkok,cincinya sesuai gambar dan bagus semoga awet,1
741,Mantap,mantap,1
742,"Kualitas Terjamin, Buku Panduan Ada, Barang Mulus Dan Rapih","kualitas terjamin, buku panduan ada, barang mulus dan rapih",1
743,Product Sesuai Dengan Pesanan... Terima Kasih^^,product sesuai dengan pesanan... terima kasih^^,1
744,Barang Nggk Sesuai Pesanan,"Pesan warna putih malah dikirim warna abu abu >:(,Bahan jelek mudah kusut dan susah di setrika,tangan kekecilan",0
745,Ear Cleaner Vacum Gak Berfungsi,Alat penyedot telinganya gak mau nyedot,0
746,Bagus Dan Baik,bagus dan baik,1
747,Sadap Suara..,Cepet sampainya....barang sesuai pesanan,1
748,Respon Cepat Barang Sesuai Pesanan,Packing baik barang sesuai pesanan sampai cepat,1
749,Sesuaii,"Baju sesuai dengan pesanan,",1
750,Sabun Kopi,"Yaa ampun, mini bgt trnyta, xixixi....",1
751,Sesuai Pesanam,sesuai pesanam,1
752,Samartwatchnya Bagus,samartwatchnya bagus. berfungsi dengan baik. semoga awet samapai lama. terima kasih,1
753,Ac Murah Meriah,"Bisa menyejukan ruangan,sperti ac beneran",1
754,Bagus Dan Berfungsi Dengan Baik,Bagus dan berfungsi dengan baik,1
755,"Agak Tipis, Tapi Ok Lah. Top Seller","agak tipis, tapi ok lah. top seller",1
756,Barang Sesuai Foto,"Barang bagus  Sesuai dengan harga,",1
757,Trigger,"Barang sepat diterima,, pdhl pesan hari Sabtu Senin siang sudah sampai diterima . .",1
758,Pas Sesuai Pesanan,pas sesuai pesanan,1
759,Memuaskan,"Cukup memuaskan,barang sesuai dengan pesanan",1
760,Kabel Kuat Sekali,Kabelnya kaku sekali dimana ini sangat bagus dan kuat untuk menahan berat dari handphone itu sendiri,1
761,Keren Bagus,keren bagus,1
762,Barang Maaanntaafff,Kualitas barang juara dengan harga segitu,1
763,Keereenn,Semoga awet cuma sayang baru datang baterai dah Soak....,1
764,Lumayan Ok,Lumayan ok,1
765,Remote Tv Polytron,"Barang sesuai pesanan, sangat puas tombol aktif sesuai dgn yg ada...",1
766,Bagus,Barangnya bagus dan berfungsi dengan baik.,1
767,Good,Pelayanan cepat dan memuaskan.,1
768,Keren!,"barang sesuai gambar tp knp dkirimin yg warna dalemannya putih sist,saya kira dkirimin yg warnanya merah",1
769,Cukup Bagus,Cukup bagus,1
770,Barang Terlihat Bagus,Barang terlihat bagus. Mungkin las las an nya perlu lebih kuat lg.,1
771,Biasa Saja,kualitas sesuai harga,1
772,Ok,ok,1
773,Tripod,Kualitas bagus..baik dan..cukup memuaskan..baik tidak ada yg cacat siipp dah....,1
774,Speakernya Tidak Berfungsi Untul Menghubungkan Ke Handphone!,Ingin diganti dengan yg berfungsi,0
775,Harga Murah,"Harga produk murah dari flash sale. Untuk kwalitas, saya kurang paham. Botol kemasan tdk seperi gambar, tutup datat biasa. Aroma seperti ada mentol dan akasia, dan cepat hilang. Encer seperti minyak kayu putih.",1
776,Pcking Baik,"Barang cepat sampai dan packing baik, sdhingga barang dalam kondisi baik",1
777,Gg,Mantap ppppllppppppplpppppppppllppppppplpppppppppppp,1
778,Top,Recomended seller....... Cpet sampai,1
779,Jeleak,Ga jalan sama sekali dan penjualnya ga mau d komplain,0
780,Sesuai Gambar... Mudah2xan Awet,sesuai gambar... mudah2xan awet,1
781,Ringan & Enak Di Pakai,ringan & enak di pakai,1
782,Resletingnya Kuat,saya sering bermasalah dengan resleting kantong celana. yg ini sepertinya bakal awet,1
783,Oke,Pengirimanya lambat saya gak puas,1
784,Warna Gag Sesuai Permintaan,Packing dan Barang bagus. Cuma gag sesuai ama permintaan warnanya...,1
785,"Barang Sesuai, Packing Baik, Good...","barang sesuai, packing baik, good...",1
786,Sajadah,"produk tidak ada mereknya, menyesuaikan sengan harga",1
787,Lumayan Bahan Nya,lumayan bahan nya,1
788,Murah,Sesuai permintaan dan warna serasi,1
789,Barang Sesuai Oesanan,oke lah sesuai picrt...datsng ceepet smpai,1
790,Good,"Sejauh ini ga ada masalah, charge lancar. Tp blm coba untuk connect ke head unit mobil.",1
791,Sesuai Pesanan,Barang sesuai pesanan.... Murah karena flash sale . Tq Pondan dan Bukalapak,1
792,Barang Cacat,"2x ganti sama gak ada yg bagus, beli d toko lain malah normal, penjual tdk responsif, jgn beli disini.",0
793,Keren Gan,"Keren gan,barang sesuai pesanan dan kualitas gambar oke...thanks",1
794,Mantap,"Barang sesuai dengan pesanan,puas,pi pengiriman lama.",1
795,Keren,Thanks pelayanan bagus quick response,1
796,Barang Tidak Sesuai Dengan Pesanan,barang tidak sesuai dengan pesanan,1
797,Lumayan,Lamaaa nyampeeeeeee ,0
798,Barang Ok,Barang OK ,1
799,Bagus Barang Sesuai Pesanan Dan Normalsaya Puas,bagus barang sesuai pesanan dan normalsaya puas...recomendet seller,1
800,Barang Bagus,Barang bagus,1
801,Biasa,"Packing biasa, kabel tidak compatibel dengan chargernya. Lampu indikator juga kadang hidup kadang mati",1
802,Kualitas Suara Teleponnya Bagus,"Kualitas suara teleponnya bagus, talinya menarik",1
803,Bagus Barangnya Syg Nya Penjual Nya Rada Kurang Responsive,"Td nya smpt agak was was krn pngiriman JT barang blm di sampaikan ke kostumer laporan nya sdh mnyatakan di terima.  Akhirnya tmn sy dtg lgsg ke kantor J&T dan trnyata brg mash di sana. Tp barang bgs, tmn saya psn dua dan puas.  Sya hnya krg puas dgn respon pelapak nya.  Smg bs di tingkatkan lgi pelayanan nya.  ",1
804,Joos,Pesanan sudah sampai dan sesuai goood,1
805,"Alhamdulillah Sesuai Pesanan, Barang Cepat Sampe","Alhamdulillah sesuai pesanan, barang cepat sampe",1
806,Sesuai Harga,Lingkar pinggang belakang ada karetnya bisa melar.,1
807,Bagus,sesuai barngnya,1
808,"Cepat Drop  Baru Pake Sekali,, Itu Pun Isi Setengah","Cepat drop  baru pake sekali,, itu pun isi setengah ",0
809,Terima Barang,Barang sesuai pesanan.packing rapi.,1
810,Jznsidusbsisnssisbsu,Ushsbsusnsbsabas7aujqkbeusmwsj,1
811,"Packingok

Tetapi Akan Lebih Baik Jika Warna Sesuai Pesanan",packingok,1
812,Bagus,Asoy bamget nih barang dan yahud tak ada yang lain selain barang ini. Mantap,1
813,Lmyan,Lmyan Puas brng bgus Rambut mulai tebal,1
814,Ciamik,ciamik ,1
815,Barang Tidak Sesuai Pesanan !!,Pesan spot cleaner komedo yg dikirim kan kenapa shampo metal !!,0
816,Bagus,"Barang sesuai pesanan, respon pelapak baik/cepat, Peking rapi dan cepat sampai",1
817,Bahan Sama Harga Ga Sesuai Yah,Hmmmmmmmmmmmmmmmmmmmmmmmmmmmmmmmmmmm.mm......,1
818,Mantep Bahan Metal,mantep bahan metal. ga keliatan barang murah. kualitas ok,1
819,Bagussss,"Barang bagus murah meriah cuma mau pesan biar couple tapi beda warna sedikit sih okelah gpp, lain kali musti info dulu ke konsumen klu berbeda...",1
820,Kabel Hdmi,"Mantap dan puas, barang berfungsi dengan baik",1
821,Nice,"Barang sesuai pesanan, response ceapat",1
822,Sesuai Dg Pesanan,sesuai dg pesanan,1
823,Kekecilan,Barang bagus cuman ukuran kurang besar jd kekecilan,0
824,"Barang Sesuai Pesanan, Trims...","barang sesuai pesanan, trims...",1
825,"Mantap

Good",Mantap,1
826,Bahan Sepatu Tebal Sesuai Harga..,Sesuai pesanan yg datang n sesuai yg di pesan...pelapak pun cepat respon.....,1
827,Kualitas Bordir Sangat2 Mengecewakan.,kualitas bordir sangat2 mengecewakan. ,0
828,Enak,"Tinggal ditambahin sayuran aja, sudah pas enak rasanya. Terima kasih",1
829,Lumayan Dahh Dengan Harga Segini,Lumayan dahh dengan harga segitu mahh,1
830,Tidak Bisa Konfirmasi Ukuran,"Membeli saat flash sale, karena buru2 jd lupa memasukkan ukuran ring, ktika dikonfirmasi pihak lapak tdk mau memproses dg alasan byk orderan yg msk pd saat flash sale jg, shg cincin yg datang SANGAT KECIL skl, mgkn ukuran terkecil, tdk tpakai sm skl. Saran : Bila mmg tdk bsa, shrusny pelapak mberikn informasi di lapak penjual, shg tdk mgecewakan pembeli.",0
831,Bahan Ny Alus,bahan ny alus,1
832,Mantap,"Suka, sudah sesuai mantap bagus banget",1
833,Barang Bagus,barang bagus,1
834,Mantaappp,"Sukses buat lapaknya nyA,.....................",1
835,Barang  Udah Saya Trima....,Mantap ini emang cuma buat rambut kumis dan jenggot aja ya,1
836,Kondisi Tidak Bagus,"Barang celana yg di terima kondisi seperti sudah bekas. Resletingnya rusak.  Lubang kancing pinggang sudah di lubang tidak seperti celana baru, tidak ada label baru,  packing kurang baik",0
837,Bgusss........,mantappppppp........................,1
838,Tas Slempang Pria...,"Bagus... Sesuai sma harganya... Tpi responnya lama... Setiap saya chat, jawabannya cma iya kk siap...",1
839,Bagus Sesaui Pesenan.,Bagus sesaui pesenan.,1
840,Respon Seller Cepat Tanggap,"respon seller cepat tanggap, pengiriman cepat, sesuai dengan pesanan. ",1
841,Sendal Nya Kaya Sendal Rusak,"Lem nya sudah mau lepas dan ukuran nya kecil , saya biasa pake nomor 39 tpi ini SDH saya pesan nomor 40 tidak muat sempit",0
842,Sip,"Barang sesuai pesanan, dan cepat sampai.peetahankan",1
843,Sesuai Pesanan,Barang nya bagus. Lucu. Cepat sampai,1
844,Sampai Saat Ini Blm Memberikan Efek Apa Apa..,sampai saat ini blm memberikan efek apa-apa..,0
845,Sesuai Gmbar,sesuai gmbar,1
846,Manatap..,Kualitas sesuai pesanan dan harga...tinggal di coba,1
847,Jelek,susah di bukanya ,0
848,Tali Skipping,Biasanya dilengkapi dengan spring sebagai pelindung biar gk mudah putus. Tapi ini engga,1
849,Packing Baik!,Fast respon! Tapi kzl sama tiki reg nya! Waktu yg di pilih 2 hari nyampenya jadi 6 hari!! Puas sama brgnya,1
850,Cukup,"Sesuai dengan deskripsi produk dan cukuplah bagus meskipun warna yang dikirimkan kurang sesuai, thanks ya.",1
851,Lumayan,Ada goresan sedikit di bagian bawah ...,1
852,Tetep Hidup Walaupun 2 Hari Pengiriman,"terima kasih gan, bibitnya anggurnya bagus & banyak akarnya, tetep hidup walaupun 2 hari dijalan, mantap",1
853,Bagus,Bahan bagus,1
854,Kaualitas Baguss,kaualitas baguss,1
855,Hmmm,Barang bagus. Jamnya idup.. tapi sayang warna nya ga sesuai pesanan.. padahal udah di chat juga jangan sampe salah,1
856,Sesuai Pesanan,sesuai pesanan,1
857,Tdk Sesuai Pesanan. Respon Lambat. Pengiriman Lambat.,Tdk sesuai pesanan. Respon lambat. Pengiriman lambat.,0
858,Keren Mantappp Ga Nyesel Dah Pokonya Recomended Seller,"Kualitas bagus mantaapp sol mantap 2""nya di sol kuat yg mau punya sepatu ini silahkan di order ga bakal nyesel dah..",1
859,Ok,Krenn jga...............................,1
860,Keren,Cepat dan jujur ... semoga sukss terus,1
861,Oke,"Barang cepet, audio cempreng ya kurang bagus euy",1
862,Biasa Aja.................,"Biasa aja, dibwh ekspektasi.....sy udh beli bnyk brng dr flashdeal ini yg paling dibwh ekspektasi....",1
863,Bl Thank U....,Sippp....tqyu...ok bgt recom seler,1
864,Cepat Sampai,"Respon cepat,Packing rapi,barang sesuai",1
865,Bagus,"Kualitas Barang sesuai harga, respon penjual cepat, agak lama karena barang promo.",1
866,Memang Harga Itu Menentukan Kualitas Ya,memang harga itu menentukan kualitas ya,1
867,Marker Original,"barang sesuai pesanan, packing rapi",1
868,Udah Di Pake Dan Hasil Nya Sangat Memuaskan,udah di Pake dan hasil nya sangat memuaskan,1
869,Video Tdk Ada Gambar Cuma Suara,video tdk ada gambar cuma suara,0
870,Oke,"Sesuaipesanan harga terjangkau.,.......",1
871,Cepat Sampainya,cepat sampainya,1
872,Mantap.. Klu Ada Bintang 6... Nnti Di Kasi.. Thanks,Mantap.. klu ada Bintang 6... nnti di kasi.. Thanks,1
873,Barang Sesuai Pesanan,murah tapi bukan murahan...good,1
874,Bagus Dan Sesuai Pesanan !,Mantap dan sesuai dengan pesanan.Bahan tidak mengecewakan.,1
875,Bagus,"Bagus hanya saja ttombol on off nya tidak bisa digunakan, jadi harus copot baterai",1
876,Terimakasih,Alhamdulillah.. barang dah saya terima...,1
877,Baik,"Alhamdulillah barang sesuai pesanan, dan puas",1
878,Mantap,Barang sesuai pesanan....mantap.....,1
879,Sesuai Pesanan,"Pesanan sesuai dengan gambar, respon nya juga cepet, pengiriman juga gak lelet pokoya recomended banget deh",1
880,Sesuai Dengan Deskripsi,sesuai dengan deskripsi,1
881,Rusak,Batre nggak bisa di charging setelah sampai. Gimana ya seller ??,0
882,Good,Mantap walaupun belum melihat,1
883,Bibit Bidara Arab,Belum dibuka dari pembungkusnya. Mudah-mudahan masih bagus dan bisa di tanam,1
884,Bagus,Cepat sampai dan sesuai dan rapih dalam packing barangnya,1
885,Pas,"Sudah di coba semua, nyaman,jahitannya bagus, sesuai pesanan, semoga awet",1
886,Barang Bagus,"Barang sampi dengan aman, paking bagus, barang sesuai",1
887,Pengiriman Cepat,Sesuai deskripsi ......... ........ ........ ........ ........ ...... .........,1
888,Barang Yg Sy Terima Semua Unit Tidak Bisa Terpake,Rata rata kerusakannya bila di isi lagi atau video dari lepto ke memori setelah di isi ke hp lagu dan video tidak dapat di putar,0
889,Bagus,Lumayan sesuain dngn harganya...........,1
890,Barang Dah Sampai...,barang dah sampai...,1
891,Dikit Karna Saya Pesan Warna Hitam Merah,dikit karna saya pesan warna hitam merah,1
892,"Not Recomend Seller

Pesan Jne Yes",NOT RECOMEND SELLER,0
893,Sip,Barang bgs sesuai pesanan.sip gan,1
894,Sip,sip,1
895,Baik,bagus barangnya dan daya kecil sesuai karakter,1
896,Mantap,Manatap bajunya bos. Terimaksih atas kiriman nya. Entar entar di pesan lagi ya bos.,1
897,Siiiiiiiiip,siiiiiiiiip,1
898,Sesuai Pesanan,"Barang cepat sampai,respon cepat",1
899,Mantap,Barang bagus seuai pesanan anak saya sukaaaa bnget,1
900,Fail,"udah di chat yg merah ready ato engga,katanya ready, setelah diorder ternyata yg dateng warna merah, selain itu produknya melar, ga kenceng rapat sama kameranya",1
901,Hammock,Hammock bagus buat acara outdoor dibeberapa tempat di Indonesia,1
902,Barang Tidak Sesuai Pesanan,Brg sdah mendarat,0
903,"Ok

Namun Akan Lebih Baik Apabila Saya Coba Dulu",ok,1
904,Barang Oke Gan,"barang oke gan, saya kira satunya satu set .. ",1
905,"Ukuran Sendal Kecil, Spertinya Salah Ksh No,","Ukuran sendal ga sesuai no, saya biasa beli sendal no 38 pas, ini saya beli no 38 tp kecil. Bkn ukuran 38 tp ukuran sendal 37",0
906,Lumayan Lah..,Bahan baju nya jatoh bgt jd berat.. jilbab nya tipis..,1
907,Bagus Bagus,Bagus bagus  ,1
908,"Barang Sampai Tinggal Batang Doang, Daun Habis Rontok Semua.","barang sampai tinggal batang doang, daun habis rontok semua.",0
909,Pelayanan Tidak Puas,Barang tidak sampai sesuai tanggal,0
910,Recommended,recommended,1
911,Bagus,kualitas bagus harga murah,1
912,Baik,Cepat dan kondisi oke semoga awet,1
913,Bagus,"Buku baik,cepat antar,tapi ukurannya lebih kecil dari yang saya duga",1
914,Ga Sesuai,"Saya pesen tas dapetnya tas CACAT, hampir sobek buat naruh tab ga cukup, buat naruh minum bakal SOBEK. Di gambar tingginya sampe 35cm, begitu diterima tinggi ga smpe 30cm, bahkan cuma bisa buat naro barang yg ukurannya 20cm. Ga bisa dibalikin, dipasar juga lebih murah.",0
915,Training,Barang oke bnget... bahan mantap...,1
916,Bagus,barang sesuai pesanan...nyaman d pakai,1
917,Mantap,Bahannya Bagus sesuai pesananpesanan rapuh,1
918,Barang Baik Sesuai Pesanan,barang baik sesuai pesanan,1
919,Oke,Barang sudah diterima. Packing baik,1
920,Mantap,mantap,1
921,Celana,Barang oke ga sia sia beli dilapak ini,1
922,Bajunya Gk Norak,bajunya gk norak ,1
923,Sepatu Sneakers,Tidak real picture... Mulut lobang sepatunya lebih lebar tidak seperti di gambar lebih tinggi mulut sepatunya,1
924,Rec Seller,"Cepat respon, barang lumayan dengan harga segini",1
925,Okle Siplah,okle siplah,1
926,Nyaman Di Pakai,nyaman di pakai,1
927,Barang Bagus,Barang bagus,1
928,Bungkusnya Tak Sesuai,Bungkusan ada tidak sesuai deskripsi. Ada yang 200 lbr dijadikan 2 bungkus,0
929,Belum Sampai/Tertukar,Barang belum sampai saat ini juga namun belum ada konfirmasi dari pihak penjual..,0
930,Bagus Barangnya,bagus barangnya,1
931,Mantap Tapi Kalo Bisa,mantap tapi kalo bisa.sebelum pengiriman close cek lagi barang yang akan di kirim,1
932,Anycast Wireless Wifi,Suka sekali lebih praktis dan ringkas lihat layar hp tanpa kabel,1
933,Saya Puas!,Belum dicoba.semoga berfungsi normal,1
934,Bagus Brgnya,"Oke sekali brgnya,,sesuai pesenan",1
935,"Barang Sesuai Pesanan, Makasih Y,","barang sesuai pesanan, makasih y,",1
936,"Sudah Di Terima,  Cepat Dah Ok","Sudah di terima,  cepat dah OK",1
937,Bluetoth Wireless,"Camera terbatas, harus download aplikasi , tidak bisa selfi, tidak bisa zoom . Kecuali kamera depan . Tapi barang berfungsi baik",1
938,Oke,oke,1
939,Kecewa,"Sangat kecewa di order hari jum&apos;at dikirim hari senin,respon chat pelapakpun sangat lama",0
940,Bahan Standard,"sizenya sih pas cuma bahannya tipis, kurang nyaman. harus pakai kaos dalem berbahan catton biar lebih nyaman.",1
941,Kualitas Barang,kualitas barang ok sesuai harapan,1
942,Jos,Mantap baik ghjjjbffgyuhhhgyuujhhgy jjuuijjhgg,1
943,Its Not Bad,Its not bad,1
944,Celana Jogger Panjang   Sweatpants   Training Puma Grade Ori,Respon chat cepat dan pelayanan baik. Recomended seller,0
945,"Bagus

Namun Akan Lebih Baik Apabila Sesuai",bagus,1
946,Bagus Sih... Cpet Sampai Juga,Tpi bahannya tipis... sesuailah sama harganya...,1
947,Thanks,makasih dapet gratisan temen ngopi,1
948,Lumayan Buat Dirumah,Ko beda sama digambar ya tp ngak apa buat sehari hari,1
949,"Untuk Pengiriman Si Cepat,Tp Barang Tdk Sesuai Pesanan","No 1 +2 barang kiriman,no 2 contoh order",0
950,Batre Tiba Tiba Ngedrop Dari Full,batre tiba tiba ngedrop dari full,0
951,Bgusan Difto,Bhan tipis banget kyak bukan kulit ,0
952,Baik,Barangnya baik sekali cepat di antar,1
953,Ok,"Lumayan ntuk pemula,mudah""an awet dipakainya",1
954,Jelek,model benar skinny,0
955,Cabut Bulu Mantab,Cabut bulu mantab. Bulu kaki dll deh,1
956,Goooooood,Sengaja kasih testi lebih dr seminggu ketika brg dtg,1
957,Ajipppppp,"murah, bagus, tidak mengecewakan",1
958,Pengiriman Lama Barang Tidak Sesuai Pesanan Mending Jangan B,pengiriman lama barang tidak sesuai pesanan mending jangan beli disini deh parah ini lapak,0
959,Respon Cepat,Respon cepat ,1
960,Remote Tv Polytron,Agak lama sampai... Mungkin karena bertepatan dengan hari libur lebaran... Tapi gak masalah,1
961,Bagus,bagus,1
962,Next Order Lagi..,next order lagi..,1
963,Cepat,"belum smpai ke tangan kostumer. masih di kantor pos.. jika baik, bintang tetap brtahan komentar jg berubah..thnks bos",1
964,Okeeee Bingits,okeeee bingits,1
965,"Recomended, Gpp Gak Ad Kotak Yg Penting Berfungsi Baik. Thx","Recomended, gpp gak ad kotak yg penting berfungsi baik. Thx",1
966,Tas Selempang,"Barang bagus sesuai deskripsi, sip",1
967,Bagus,bagus bagus bagus bagus bagus bagus,1
968,Cukup Bagus,cukup bagus,1
969,Modelnya Sesuai Dg Yg Diinginkan,"modelnya sesuai dg yg diinginkan. Namun, akan lebih baik apabila hrgnya lbh murah lagi, hehehehehe tp semuanya uh bagus, barang bagus sesuai harapam, nyampenya jg cepet ",1
970,Barang Bagus,barang bagus...,1
971,Rekomen Deh Poko Nya Mancappp,Recomended poko nya ajib,1
972,Tidak Sesuai Skrip,"Barang betul tapi tidak sesuai deskrip,,, di deskrip 3400mah tapi yg datang 3000mah..",1
973,"Baguss , Sesuai , Dan Paking Rapihh","Kokonya sukaaa, bagus , paking rapih",1
974,Ijo Kristalnya Mantap Tapi Terlalu Tipis,ijo kristalnya mantap tapi terlalu tipis,1
975,Maaf Mau Tanya,"maaf mau tanya. ko bantal terapinya udh saya colokin ko kgk panas"" y. padahal udh 30menit saya colokin ke stopkontak. mohon bantuannya..",1
976,Tidak Sesuai,"gambar difoto kayaknya pake sepatu ori yg harganya 800 rb an, foto dan barang samabentuknya,tapi bahan nya jelek,lah cuma 75rb,semoga pelapak memperbaikinya ,dan hargayg menyesuaikan...maaf pelapak..trims",1
977,Jaket Parka,Aq suka jaketnya pas bgtt tp qho luntur yh,1
978,"NoneNamun Akan Lebih Baik Apabila None",none,0
979,Kegedean,Pesan warna apa datang warna apa mana kegedean,0
980,Naturgo,"Belum dicoba, semoga hasilnya bagus",1
981,Smartwacht,Barang sesuai pesanan smart watch,1
982,Kualitas Lumayan,Kualitas sesuai harga. Cukup nyaman dipakai kalo ukuran pas,1
983,Good,barang yang di pesan sesuai dengan pesanan dan chat cepat tanggap pelayan bagus memuaskan.....!,1
984,Blm Tes,Baru trima blm tau cara penggunaannya. Bisa gak emailkan cara penggunaanya ke ralinelektronik69@gmail.com,1
985,Cepat,"Mas pelapak ramah,good respone.....komunikasi lancar sehingga customes nyaman belanja nya",1
986,Bagus,Bagus sesuai pesanan tpi pengirimanya agak lama,1
987,Mantapp Bgd..,mantapp bgd..,1
988,Barang Tidak Tersedia,Deskripsi barang ada nyatanya kosong,0
989,Putaran Hnya 2 Min,putaran hnya 2 min. putaran lancar hnya di 1 sisi.,0
990,Oklah,lumayanlah dapet dari flashdeal,1
991,Gan,Gan.. thankyou.. barang sampai dengan keadaan selamat...recomended...seller,1
992,Mancaaap,Jaitan bagus model klasik army. Bahan...kayanya bukan kanvas deh but it&apos;s ok over all gus stuff for classic style,1
993,Nah Lo,"Nah lo ketauan. Foto 1 n 2 akun saya, foto 3 akun suami saya. Flash sale 150 stok dibilang khbisan. Gnti motif pilih no 6 dikirim no 2. Suami ngecek tanya pelapaknya ternyata stok pilihan prtama masih banyak. Jgn diulang lg kasian pembeli",1
994,Biasaaa Ajaaaaa Ngecas Pun Lamaaaaaa,Lamaaaaa ngecasss ny biasaaaaa ajaaaa,1
995,Harganya,Lumayan bagus... syng hrga exp...,1
996,Biasa Saja,bentuknya kekinian,1
997,Sesuai Harga...,sesuai harga...,1
998,Tas Ransel,lokal sh iya beda Sama di gambar :( jahitan serba Keliatan .. mirip tas 30rb,0
999,Pelayanan Baik N Memuaskan .,Untuk order yg di respon sangat cepat .itulah bukti kalau shi pelaku usaha bener2 org yg tanggung jwb . baik order maupun service . itu kuncinya .,1
1000,Nice,nice,1